Adriano (Jamaika);;;;;;;Turma 6A;;;;;;
;;;;;;;;;;;;;
Horário;Seg;Ter;Qua;Qui;Sex;;;Segunda;Terça;Quarta;Quinta;Sexta;
07:30;---;---;---;9C;---;;07:30;HIS;Mk-Tea;MAT;EdF;Lit Pr;
08:15;---;---;---;9C;---;;08:15;Ing;CIE;MAT;Esp;LP;
09:00;---;---;---;---;---;;09:00;Mk-Tea;CIE;Ing;LP;CIE;
09:45;---;---;---;9D;---;;09:45;Red1;Esp;Red1;MAT;LP;
11:00;---;---;---;9D;---;;11:00;MAT;PV;EdF;Mk-Tea;GEO;
11:45;---;---;---;9B;---;;11:45;MAT;HIS;Ing;Mk-Tea;GEO;
12:30;---;---;---;9B;---;;12:30;HIS;MAT;GEO;LP;OE;
14:15;---;---;9A;---;---;;14:15;---;---;---;---;---;
15:00;---;---;9A;---;---;;15:00;---;---;---;---;---;
15:45;---;---;---;---;---;;15:45;---;---;---;---;---;
16:30;---;---;---;---;---;;16:30;---;---;---;---;---;
;;;;;;;;;;;;;
;;;;;;;;;;;;;
;;;;;;;;;;;;;
Aplicadores JK;;;;;;;Turma 6B;;;;;;
;;;;;;;;;;;;;
Horário;Seg;Ter;Qua;Qui;Sex;;;Segunda;Terça;Quarta;Quinta;Sexta;
07:30;---;---;---;---;---;;07:30;Mk-Tea;CIE;Red1;MAT;GEO;
08:15;---;---;---;---;---;;08:15;Mk-Tea;PV;EdF;LP;GEO;
09:00;---;---;---;---;---;;09:00;MAT;Esp;MAT;HIS;Lit Pr;
09:45;---;---;---;---;---;;09:45;MAT;HIS;MAT;EdF;CIE;
11:00;---;---;---;---;---;;11:00;HIS;Mk-Tea;Ing;LP;OE;
11:45;---;---;9A/9B/9C/9D;---;---;;11:45;Ing;Mk-Tea;Red1;Esp;LP;
12:30;---;---;9A/9B/9C/9D;---;---;;12:30;GEO;LP;Ing;MAT;CIE;
14:15;---;---;---;---;---;;14:15;---;---;---;---;---;
15:00;---;---;---;---;---;;15:00;---;---;---;---;---;
15:45;---;---;---;---;---;;15:45;---;---;---;---;---;
16:30;---;---;---;---;---;;16:30;---;---;---;---;---;
;;;;;;;;;;;;;
;;;;;;;;;;;;;
;;;;;;;;;;;;;
Aristóteles;;;;;;;Turma 6C;;;;;;
;;;;;;;;;;;;;
Horário;Seg;Ter;Qua;Qui;Sex;;;Segunda;Terça;Quarta;Quinta;Sexta;
07:30;---;---;9D;9A;9B;;07:30;Ing;Esp;Mk-Tea;LP;CIE;
08:15;---;---;9A;8C;9A;;08:15;HIS;Mk-Tea;Mk-Tea;Mk-Tea;CIE;
09:00;---;---;9C;8A;9D;;09:00;Ing;PV;Red1;EdF;GEO;
09:45;---;---;---;---;9C;;09:45;HIS;Red1;Ing;Esp;GEO;
11:00;---;---;9B;8B;8C;;11:00;CIE;LP;MAT;MAT;LP;
11:45;---;---;8C;8B;8A;;11:45;GEO;MAT;MAT;MAT;OE;
12:30;---;---;8A;9D;8B;;12:30;MAT;Lit Pr;EdF;HIS;LP;
14:15;---;---;9B;---;---;;14:15;---;---;---;---;---;
15:00;---;---;9C;---;---;;15:00;---;---;---;---;---;
15:45;---;---;---;---;---;;15:45;---;---;---;---;---;
16:30;---;---;---;---;---;;16:30;---;---;---;---;---;
;;;;;;;;;;;;;
;;;;;;;;;;;;;
;;;;;;;;;;;;;
Bárbara Ferreira (Esp);;;;;;;Turma 6D;;;;;;
;;;;;;;;;;;;;
Horário;Seg;Ter;Qua;Qui;Sex;;;Segunda;Terça;Quarta;Quinta;Sexta;
07:30;---;6D;---;6B;---;;07:30;MAT;HIS;Ing;Esp;LP;
08:15;---;6C;---;6D;---;;08:15;MAT;Esp;Red1;MAT;Lit Pr;
09:00;---;6B;---;6C;---;;09:00;HIS;Mk-Tea;Mk-Tea;MAT;LP;
09:45;---;6A;---;6A;---;;09:45;Ing;Mk-Tea;EdF;Mk-Tea;OE;
11:00;---;---;---;---;---;;11:00;Ing;MAT;GEO;HIS;CIE;
11:45;---;---;---;---;---;;11:45;CIE;LP;GEO;LP;CIE;
12:30;---;---;---;---;---;;12:30;Red1;PV;MAT;EdF;GEO;
14:15;---;---;---;---;---;;14:15;---;---;---;---;---;
15:00;---;---;---;---;---;;15:00;---;---;---;---;---;
15:45;---;---;---;---;---;;15:45;---;---;---;---;---;
16:30;---;---;---;---;---;;16:30;---;---;---;---;---;
;;;;;;;;;;;;;
;;;;;;;;;;;;;
;;;;;;;;;;;;;
Barbara Guimarães (Mat);;;;;;;Turma 7A;;;;;;
;;;;;;;;;;;;;
Horário;Seg;Ter;Qua;Qui;Sex;;;Segunda;Terça;Quarta;Quinta;Sexta;
07:30;8A;---;---;8C;---;;07:30;GEO;Ing;GEO;Esp;MAT;
08:15;8C;---;---;8B;---;;08:15;Red1;HIS;GEO;EdF;MAT;
09:00;---;---;---;8C;---;;09:00;Red1;Mak-Ar;Ing;Ing;LP;
09:45;8B;8A;---;8B;---;;09:45;CIE;Mak-Ar;LP;HIS;Esp;
11:00;8A;8B;---;8A;---;;11:00;MAT;CIE;LP;Lit Pr;Mak-Ar;
11:45;8C;8C;---;---;---;;11:45;MAT;PV;EdF;HIS;Mak-Ar;
12:30;8B;8A;---;---;---;;12:30;OE;CIE;MAT;MAT;LP;
14:15;---;---;---;---;---;;14:15;---;---;---;---;---;
15:00;---;---;---;---;---;;15:00;---;---;---;---;---;
15:45;---;---;---;---;---;;15:45;---;---;---;---;---;
16:30;---;---;---;---;---;;16:30;---;---;---;---;---;
;;;;;;;;;;;;;
;;;;;;;;;;;;;
;;;;;;;;;;;;;
Caio;;;;;;;Turma 7B;;;;;;
;;;;;;;;;;;;;
Horário;Seg;Ter;Qua;Qui;Sex;;;Segunda;Terça;Quarta;Quinta;Sexta;
07:30;---;6C;---;---;---;;07:30;Red1;Mak-Ar;LP;MAT;LP;
08:15;6B;6A;6A;---;---;;08:15;CIE;Mak-Ar;LP;HIS;LP;
09:00;6B;6D;6D;9B;---;;09:00;CIE;Ing;EdF;Esp;Mak-Ar;
09:45;9A;6D;9D;6C;---;;09:45;GEO;PV;GEO;Ing;Mak-Ar;
11:00;9A;6B;9D;6A;---;;11:00;GEO;HIS;MAT;Esp;Ing;
11:45;9C;6B;6C;6A;---;;11:45;OE;CIE;MAT;EdF;MAT;
12:30;9C;9B;6C;6D;---;;12:30;MAT;HIS;Red1;Lit Pr;MAT;
14:15;---;---;---;---;---;;14:15;---;---;---;---;---;
15:00;---;---;---;---;---;;15:00;---;---;---;---;---;
15:45;---;---;---;---;---;;15:45;---;---;---;---;---;
16:30;---;---;---;---;---;;16:30;---;---;---;---;---;
;;;;;;;;;;;;;
;;;;;;;;;;;;;
;;;;;;;;;;;;;
Camila;;;;;;;Turma 7C;;;;;;
;;;;;;;;;;;;;
Horário;Seg;Ter;Qua;Qui;Sex;;;Segunda;Terça;Quarta;Quinta;Sexta;
07:30;---;9D;---;---;---;;07:30;CIE;PV;EdF;HIS;Mak-Ar;
08:15;---;9D;---;---;---;;08:15;GEO;Ing;Lit Pr;Esp;Mak-Ar;
09:00;---;9B;---;---;---;;09:00;GEO;HIS;GEO;MAT;MAT;
09:45;---;9B;---;---;---;;09:45;MAT;CIE;MAT;Esp;MAT;
11:00;---;---;---;---;---;;11:00;Red1;Mak-Ar;Red1;EdF;LP;
11:45;---;9C;---;9A;---;;11:45;HIS;Mak-Ar;LP;Ing;LP;
12:30;---;9C;---;9A;---;;12:30;CIE;MAT;LP;OE;Ing;
14:15;---;---;---;---;---;;14:15;---;---;---;---;---;
15:00;---;---;---;---;---;;15:00;---;---;---;---;---;
15:45;---;---;---;---;---;;15:45;---;---;---;---;---;
16:30;---;---;---;---;---;;16:30;---;---;---;---;---;
;;;;;;;;;;;;;
;;;;;;;;;;;;;
;;;;;;;;;;;;;
Carlos Serejo;;;;;;;Turma 8A;;;;;;
;;;;;;;;;;;;;
Horário;Seg;Ter;Qua;Qui;Sex;;;Segunda;Terça;Quarta;Quinta;Sexta;
07:30;---;7B;---;---;7A;;07:30;Ing;MK-Mus;HIS;MAT;Esp;
08:15;---;7B;---;---;7A;;08:15;MAT;LP;Fis;LP;HIS;
09:00;---;7A;---;---;7C;;09:00;OE;MAT;HIS;GEO;Esp;
09:45;---;7A;---;---;7C;;09:45;LP;LP;MK-Mus;GEO;Bio;
11:00;---;7C;---;---;7B;;11:00;EdF;Lit Pr;MK-Mus;MAT;Ing;
11:45;---;7C;---;---;7B;;11:45;Red1;Red1;MK-Mus;EdF;Ing;
12:30;---;---;---;---;---;;12:30;MAT;Bio;Fis;OE;GEO;
14:15;---;---;---;---;---;;14:15;---;---;---;---;---;
15:00;---;---;---;---;---;;15:00;---;---;---;---;---;
15:45;---;---;---;---;---;;15:45;---;---;---;---;---;
16:30;---;---;---;---;---;;16:30;---;---;---;---;---;
;;;;;;;;;;;;;
;;;;;;;;;;;;;
;;;;;;;;;;;;;
Chrislaine;;;;;;;Turma 8B;;;;;;
;;;;;;;;;;;;;
Horário;Seg;Ter;Qua;Qui;Sex;;;Segunda;Terça;Quarta;Quinta;Sexta;
07:30;6C;7A;---;---;6B;;07:30;OE;MAT;MK-Mus;GEO;HIS;
08:15;7C;7C;---;---;6B;;08:15;Ing;MK-Mus;MK-Mus;Lit Pr;Ing;
09:00;7A;7C;---;---;6D;;09:00;LP;MK-Mus;Fis;MAT;Ing;
09:45;7A;6B;---;---;6D;;09:45;MAT;MAT;HIS;LP;HIS;
11:00;6A;7B;---;---;6C;;11:00;MAT;Red1;GEO;EdF;Esp;
11:45;6A;7B;---;---;6C;;11:45;LP;Bio;Fis;OE;Bio;
12:30;7B;6D;---;---;6A;;12:30;EdF;Red1;LP;GEO;Esp;
14:15;---;---;---;---;---;;14:15;---;---;---;---;---;
15:00;---;---;---;---;---;;15:00;---;---;---;---;---;
15:45;---;---;---;---;---;;15:45;---;---;---;---;---;
16:30;---;---;---;---;---;;16:30;---;---;---;---;---;
;;;;;;;;;;;;;
;;;;;;;;;;;;;
;;;;;;;;;;;;;
Cleber;;;;;;;Turma 8C;;;;;;
;;;;;;;;;;;;;
Horário;Seg;Ter;Qua;Qui;Sex;;;Segunda;Terça;Quarta;Quinta;Sexta;
07:30;9B;9C;---;9D;---;;07:30;MAT;Red1;Fis;Lit Pr;Ing;
08:15;9B;9C;---;9B;---;;08:15;OE;MAT;HIS;MAT;Esp;
09:00;9D;9A;---;9A;---;;09:00;Ing;Red1;MK-Mus;LP;HIS;
09:45;9D;9A;---;9A;---;;09:45;EdF;Bio;Fis;MAT;GEO;
11:00;9C;9B;---;9B;---;;11:00;LP;MK-Mus;HIS;OE;Bio;
11:45;---;9D;---;9C;---;;11:45;MAT;MK-Mus;LP;GEO;Esp;
12:30;---;9D;---;9C;---;;12:30;LP;MK-Mus;GEO;EdF;Ing;
14:15;---;---;---;---;---;;14:15;---;---;---;---;---;
15:00;9A;---;---;---;---;;15:00;---;---;---;---;---;
15:45;---;---;---;---;---;;15:45;---;---;---;---;---;
16:30;---;---;---;---;---;;16:30;---;---;---;---;---;
;;;;;;;;;;;;;
;;;;;;;;;;;;;
;;;;;;;;;;;;;
Cristiane;;;;;;;Turma 9A;;;;;;
;;;;;;;;;;;;;
Horário;Seg;Ter;Qua;Qui;Sex;;;Segunda;Terça;Quarta;Quinta;Sexta;
07:30;8B;---;---;---;8A;;07:30;EdF;MAT;GEO;MAT;Bio;
08:15;8A;---;---;---;---;;08:15;HIS;Bio;LP;MAT;Fis;
09:00;8C;---;---;---;8C;;09:00;Esp;LP;Qui;EdF;LP;
09:45;---;---;---;---;8C;;09:45;Mk-Tea;HIS;Qui;OE;Ing;
11:00;---;---;---;---;8B;;11:00;Mk-Tea;MAT;Ing;GEO;GEO;
11:45;---;---;---;---;8B;;11:45;Esp;Lit Pr;Txt;Red1;Fis;
12:30;---;---;---;---;8A;;12:30;HIS;LP;Txt;Red1;Ing;
14:15;---;---;---;---;---;;14:15;OE;---;MK-Mus;---;---;
15:00;---;---;---;---;---;;15:00;MAT;---;MK-Mus;---;---;
15:45;---;---;---;---;---;;15:45;---;---;---;---;---;
16:30;---;---;---;---;---;;16:30;---;---;---;---;---;
;;;;;;;;;;;;;
;;;;;;;;;;;;;
;;;;;;;;;;;;;
Davi;;;;;;;Turma 9B;;;;;;
;;;;;;;;;;;;;
Horário;Seg;Ter;Qua;Qui;Sex;;;Segunda;Terça;Quarta;Quinta;Sexta;
07:30;---;8C;8B;---;---;;07:30;HIS;Qui;Lit Pr;Mk-Tea;Ing;
08:15;---;8C;8B;---;---;;08:15;MAT;MAT;Ing;EdF;GEO;
09:00;---;8C;8C;---;---;;09:00;MAT;HIS;LP;OE;GEO;
09:45;---;---;8A;---;---;;09:45;Esp;Red1;GEO;MAT;Fis;
11:00;---;8A;8A;---;---;;11:00;HIS;Red1;Qui;LP;LP;
11:45;---;8B;8A;---;---;;11:45;EdF;MAT;Txt;MK-Mus;Ing;
12:30;---;8B;---;---;---;;12:30;Esp;Mk-Tea;Txt;MK-Mus;LP;
14:15;---;---;---;---;---;;14:15;Fis;---;Bio;---;---;
15:00;---;---;---;---;---;;15:00;OE;---;Bio;---;---;
15:45;---;---;---;---;---;;15:45;---;---;---;---;---;
16:30;---;---;---;---;---;;16:30;---;---;---;---;---;
;;;;;;;;;;;;;
;;;;;;;;;;;;;
;;;;;;;;;;;;;
Dryele;;;;;;;Turma 9C;;;;;;
;;;;;;;;;;;;;
Horário;Seg;Ter;Qua;Qui;Sex;;;Segunda;Terça;Quarta;Quinta;Sexta;
07:30;7B;6C;7C;7A;7C;;07:30;MAT;Bio;Ing;OE;Fis;
08:15;6B;6A;6A;7C;7C;;08:15;Esp;HIS;GEO;MK-Mus;LP;
09:00;6B;6D;6D;7B;7B;;09:00;EdF;MAT;GEO;MK-Mus;Ing;
09:45;7B;6D;7B;6C;---;;09:45;HIS;MAT;Ing;EdF;Lit Pr;
11:00;7C;6B;7A;6A;7A;;11:00;OE;LP;LP;MAT;Fis;
11:45;7C;6B;6C;6A;7A;;11:45;Mk-Tea;Red1;Txt;MAT;GEO;
12:30;7A;7A;6C;6D;7B;;12:30;Mk-Tea;Red1;Txt;LP;Bio;
14:15;---;---;---;---;---;;14:15;HIS;---;Qui;---;---;
15:00;---;---;---;---;---;;15:00;Esp;---;Qui;---;---;
15:45;---;---;---;---;---;;15:45;---;---;---;---;---;
16:30;---;---;---;---;---;;16:30;---;---;---;---;---;
;;;;;;;;;;;;;
;;;;;;;;;;;;;
;;;;;;;;;;;;;
Eliane;;;;;;;Turma 9D;;;;;;
;;;;;;;;;;;;;
Horário;Seg;Ter;Qua;Qui;Sex;;;Segunda;Terça;Quarta;Quinta;Sexta;
07:30;7A;8A;6C;---;---;;07:30;Esp;HIS;Qui;EdF;GEO;
08:15;7A;8B;6B;---;---;;08:15;EdF;Red1;Qui;OE;Ing;
09:00;6A;6C;6A;---;---;;09:00;HIS;Red1;Ing;MAT;Bio;
09:45;7C;8B;7C;---;---;;09:45;MAT;Lit Pr;Mk-Tea;MK-Mus;LP;
11:00;7B;8C;6D;---;---;;11:00;MAT;Bio;Mk-Tea;MK-Mus;Ing;
11:45;8A;---;7B;---;---;;11:45;HIS;LP;Txt;LP;LP;
12:30;6D;8C;6B;---;---;;12:30;OE;MAT;Txt;MAT;Fis;
14:15;---;---;---;---;---;;14:15;Esp;---;GEO;---;---;
15:00;---;---;---;---;---;;15:00;Fis;---;GEO;---;---;
15:45;---;---;---;---;---;;15:45;---;---;---;---;---;
16:30;---;---;---;---;---;;16:30;---;---;---;---;---;
;;;;;;;;;;;;;
;;;;;;;;;;;;;
;;;;;;;;;;;;;
Ellen-OE;;;;;;;Horário escolar gerado pelo programa Urânia (www.horario.com.br);;;;;;
;;;;;;;;;;;;;
Horário;Seg;Ter;Qua;Qui;Sex;;;;;;;;
07:30;8C;---;---;---;---;;;;;;;;
08:15;8B;---;---;---;---;;;;;;;;
09:00;8A;---;---;---;---;;;;;;;;
09:45;---;---;---;---;---;;;;;;;;
11:00;---;---;---;8C;---;;;;;;;;
11:45;---;---;---;8A;---;;;;;;;;
12:30;---;---;---;8B;---;;;;;;;;
14:15;---;---;---;---;---;;;;;;;;
15:00;---;---;---;---;---;;;;;;;;
15:45;---;---;---;---;---;;;;;;;;
16:30;---;---;---;---;---;;;;;;;;
;;;;;;;;;;;;;
;;;;;;;;;;;;;
;;;;;;;;;;;;;
Filipe Portes;;;;;;;;;;;;;
;;;;;;;;;;;;;
Horário;Seg;Ter;Qua;Qui;Sex;;;;;;;;
07:30;---;---;8A;---;8C;;;;;;;;
08:15;---;---;8C;---;8A;;;;;;;;
09:00;---;---;8B;---;8B;;;;;;;;
09:45;---;---;8C;---;8A;;;;;;;;
11:00;---;---;8B;---;---;;;;;;;;
11:45;---;---;---;---;---;;;;;;;;
12:30;---;---;---;---;---;;;;;;;;
14:15;---;---;---;---;---;;;;;;;;
15:00;---;---;---;---;---;;;;;;;;
15:45;---;---;---;---;---;;;;;;;;
16:30;---;---;---;---;---;;;;;;;;
;;;;;;;;;;;;;
;;;;;;;;;;;;;
;;;;;;;;;;;;;
Gisele;;;;;;;;;;;;;
;;;;;;;;;;;;;
Horário;Seg;Ter;Qua;Qui;Sex;;;;;;;;
07:30;---;---;9A;---;9C;;;;;;;;
08:15;---;---;9D;---;9B;;;;;;;;
09:00;---;---;9B;---;9A;;;;;;;;
09:45;---;---;9C;---;9D;;;;;;;;
11:00;---;---;9C;---;9D;;;;;;;;
11:45;---;---;---;---;9B;;;;;;;;
12:30;---;---;---;---;9A;;;;;;;;
14:15;---;---;---;---;---;;;;;;;;
15:00;---;---;---;---;---;;;;;;;;
15:45;---;---;---;---;---;;;;;;;;
16:30;---;---;---;---;---;;;;;;;;
;;;;;;;;;;;;;
;;;;;;;;;;;;;
;;;;;;;;;;;;;
Guilherme Bruno (LP);;;;;;;;;;;;;
;;;;;;;;;;;;;
Horário;Seg;Ter;Qua;Qui;Sex;;;;;;;;
07:30;---;---;7B;---;7B;;;;;;;;
08:15;---;---;7B;---;7B;;;;;;;;
09:00;---;---;7A;---;7A;;;;;;;;
09:45;---;---;---;---;7A;;;;;;;;
11:00;---;---;7C;---;---;;;;;;;;
11:45;---;---;7C;---;7C;;;;;;;;
12:30;---;---;7A;---;7C;;;;;;;;
14:15;---;---;---;---;---;;;;;;;;
15:00;---;---;---;---;---;;;;;;;;
15:45;---;---;---;---;---;;;;;;;;
16:30;---;---;---;---;---;;;;;;;;
;;;;;;;;;;;;;
;;;;;;;;;;;;;
;;;;;;;;;;;;;
Hamilton;;;;;;;;;;;;;
;;;;;;;;;;;;;
Horário;Seg;Ter;Qua;Qui;Sex;;;;;;;;
07:30;---;---;8C;---;---;;;;;;;;
08:15;---;---;8A;---;---;;;;;;;;
09:00;---;---;8A;---;---;;;;;;;;
09:45;---;---;8B;---;---;;;;;;;;
11:00;---;---;---;---;---;;;;;;;;
11:45;---;---;8B;---;---;;;;;;;;
12:30;---;---;8C;---;---;;;;;;;;
14:15;---;---;---;---;---;;;;;;;;
15:00;---;---;---;---;---;;;;;;;;
15:45;---;---;---;---;---;;;;;;;;
16:30;---;---;---;---;---;;;;;;;;
;;;;;;;;;;;;;
;;;;;;;;;;;;;
;;;;;;;;;;;;;
João Guilherme;;;;;;;;;;;;;
;;;;;;;;;;;;;
Horário;Seg;Ter;Qua;Qui;Sex;;;;;;;;
07:30;---;---;7A;6D;---;;;;;;;;
08:15;---;---;6D;6B;---;;;;;;;;
09:00;---;---;6C;7A;---;;;;;;;;
09:45;---;---;6A;7C;---;;;;;;;;
11:00;---;---;7B;6C;---;;;;;;;;
11:45;---;---;6B;7B;---;;;;;;;;
12:30;---;---;7C;6A;---;;;;;;;;
14:15;---;---;---;---;---;;;;;;;;
15:00;---;---;---;---;---;;;;;;;;
15:45;---;---;---;---;---;;;;;;;;
16:30;---;---;---;---;---;;;;;;;;
;;;;;;;;;;;;;
;;;;;;;;;;;;;
;;;;;;;;;;;;;
João Humberto;;;;;;;;;;;;;
;;;;;;;;;;;;;
Horário;Seg;Ter;Qua;Qui;Sex;;;;;;;;
07:30;6B;---;6A;---;---;;;;;;;;
08:15;6A;---;---;---;---;;;;;;;;
09:00;6C;---;---;---;---;;;;;;;;
09:45;6D;---;6C;---;---;;;;;;;;
11:00;6D;---;6B;---;---;;;;;;;;
11:45;6B;---;6D;---;---;;;;;;;;
12:30;6C;---;6A;---;---;;;;;;;;
14:15;---;---;---;---;---;;;;;;;;
15:00;---;---;---;---;---;;;;;;;;
15:45;---;---;---;---;---;;;;;;;;
16:30;---;---;---;---;---;;;;;;;;
;;;;;;;;;;;;;
;;;;;;;;;;;;;
;;;;;;;;;;;;;
Karine;;;;;;;;;;;;;
;;;;;;;;;;;;;
Horário;Seg;Ter;Qua;Qui;Sex;;;;;;;;
07:30;7C;6A;---;7B;---;;;;;;;;
08:15;6C;6B;---;6C;---;;;;;;;;
09:00;7C;6A;---;6B;---;;;;;;;;
09:45;6C;7B;---;7A;---;;;;;;;;
11:00;6B;6D;---;7C;---;;;;;;;;
11:45;6D;7A;---;6D;---;;;;;;;;
12:30;6A;7B;---;7A;---;;;;;;;;
14:15;---;---;---;---;---;;;;;;;;
15:00;---;---;---;---;---;;;;;;;;
15:45;---;---;---;---;---;;;;;;;;
16:30;---;---;---;---;---;;;;;;;;
;;;;;;;;;;;;;
;;;;;;;;;;;;;
;;;;;;;;;;;;;
Leonardo;;;;;;;;;;;;;
;;;;;;;;;;;;;
Horário;Seg;Ter;Qua;Qui;Sex;;;;;;;;
07:30;---;7B;---;9C;7A;;;;;;;;
08:15;---;7B;---;9C;7A;;;;;;;;
09:00;---;7A;---;9B;7C;;;;;;;;
09:45;9A;7A;9D;9D;7C;;;;;;;;
11:00;9A;7C;9D;9D;7B;;;;;;;;
11:45;9C;7C;---;9B;7B;;;;;;;;
12:30;9C;9B;---;9B;---;;;;;;;;
14:15;---;---;9A;---;---;;;;;;;;
15:00;---;---;9A;---;---;;;;;;;;
15:45;---;---;---;---;---;;;;;;;;
16:30;---;---;---;---;---;;;;;;;;
;;;;;;;;;;;;;
;;;;;;;;;;;;;
;;;;;;;;;;;;;
Luana Carrion;;;;;;;;;;;;;
;;;;;;;;;;;;;
Horário;Seg;Ter;Qua;Qui;Sex;;;;;;;;
07:30;---;9B;9C;---;---;;;;;;;;
08:15;---;---;9C;---;---;;;;;;;;
09:00;---;---;9D;---;---;;;;;;;;
09:45;---;---;9A;---;---;;;;;;;;
11:00;---;---;9A;---;---;;;;;;;;
11:45;---;---;---;---;---;;;;;;;;
12:30;---;---;---;---;---;;;;;;;;
14:15;---;---;9D;---;---;;;;;;;;
15:00;---;---;9B;---;---;;;;;;;;
15:45;---;---;---;---;---;;;;;;;;
16:30;---;---;---;---;---;;;;;;;;
;;;;;;;;;;;;;
;;;;;;;;;;;;;
;;;;;;;;;;;;;
Luis Branco;;;;;;;;;;;;;
;;;;;;;;;;;;;
Horário;Seg;Ter;Qua;Qui;Sex;;;;;;;;
07:30;9D;9A;---;---;---;;;;;;;;
08:15;9A;9B;---;---;---;;;;;;;;
09:00;9C;9C;---;---;---;;;;;;;;
09:45;9B;9D;---;---;---;;;;;;;;
11:00;9D;---;---;---;---;;;;;;;;
11:45;9B;---;---;---;---;;;;;;;;
12:30;9A;---;---;---;---;;;;;;;;
14:15;9C;---;---;---;---;;;;;;;;
15:00;---;---;---;---;---;;;;;;;;
15:45;---;---;---;---;---;;;;;;;;
16:30;---;---;---;---;---;;;;;;;;
;;;;;;;;;;;;;
;;;;;;;;;;;;;
;;;;;;;;;;;;;
Mariana;;;;;;;;;;;;;
;;;;;;;;;;;;;
Horário;Seg;Ter;Qua;Qui;Sex;;;;;;;;
07:30;6A;---;6D;6A;---;;;;;;;;
08:15;6D;---;6C;6A;---;;;;;;;;
09:00;6D;---;6B;6D;---;;;;;;;;
09:45;6B;---;6B;6D;---;;;;;;;;
11:00;6C;6A;6A;6B;---;;;;;;;;
11:45;6C;6C;6A;6B;---;;;;;;;;
12:30;6B;6C;6D;6C;---;;;;;;;;
14:15;---;---;---;---;---;;;;;;;;
15:00;---;---;---;---;---;;;;;;;;
15:45;---;---;---;---;---;;;;;;;;
16:30;---;---;---;---;---;;;;;;;;
;;;;;;;;;;;;;
;;;;;;;;;;;;;
;;;;;;;;;;;;;
Matheus;;;;;;;;;;;;;
;;;;;;;;;;;;;
Horário;Seg;Ter;Qua;Qui;Sex;;;;;;;;
07:30;---;---;---;---;9A;;;;;;;;
08:15;---;---;---;---;9C;;;;;;;;
09:00;---;---;---;---;---;;;;;;;;
09:45;---;---;---;---;9B;;;;;;;;
11:00;---;---;---;---;9A;;;;;;;;
11:45;---;---;---;---;9D;;;;;;;;
12:30;---;---;---;---;9C;;;;;;;;
14:15;9B;---;---;---;---;;;;;;;;
15:00;9D;---;---;---;---;;;;;;;;
15:45;---;---;---;---;---;;;;;;;;
16:30;---;---;---;---;---;;;;;;;;
;;;;;;;;;;;;;
;;;;;;;;;;;;;
;;;;;;;;;;;;;
Mayra;;;;;;;;;;;;;
;;;;;;;;;;;;;
Horário;Seg;Ter;Qua;Qui;Sex;;;;;;;;
07:30;---;---;---;---;---;;;;;;;;
08:15;---;---;---;---;---;;;;;;;;
09:00;---;---;---;---;---;;;;;;;;
09:45;---;---;---;---;---;;;;;;;;
11:00;---;---;---;---;---;;;;;;;;
11:45;---;---;---;---;---;;;;;;;;
12:30;---;---;---;---;---;;;;;;;;
14:15;---;---;---;---;---;;;;;;;;
15:00;---;---;---;---;---;;;;;;;;
15:45;---;---;---;---;---;;;;;;;;
16:30;---;---;---;---;---;;;;;;;;
;;;;;;;;;;;;;
;;;;;;;;;;;;;
;;;;;;;;;;;;;
Meire;;;;;;;;;;;;;
;;;;;;;;;;;;;
Horário;Seg;Ter;Qua;Qui;Sex;;;;;;;;
07:30;---;6B;---;---;---;;;;;;;;
08:15;---;6D;---;---;---;;;;;;;;
09:00;---;7B;---;---;---;;;;;;;;
09:45;---;6C;---;---;---;;;;;;;;
11:00;---;7A;---;---;---;;;;;;;;
11:45;---;6A;---;---;---;;;;;;;;
12:30;---;7C;---;---;---;;;;;;;;
14:15;---;---;---;---;---;;;;;;;;
15:00;---;---;---;---;---;;;;;;;;
15:45;---;---;---;---;---;;;;;;;;
16:30;---;---;---;---;---;;;;;;;;
;;;;;;;;;;;;;
;;;;;;;;;;;;;
;;;;;;;;;;;;;
Milena;;;;;;;;;;;;;
;;;;;;;;;;;;;
Horário;Seg;Ter;Qua;Qui;Sex;;;;;;;;
07:30;---;---;---;---;---;;;;;;;;
08:15;---;8A;9B;9D;9D;;;;;;;;
09:00;8B;9D;9A;8B;9C;;;;;;;;
09:45;8A;9C;9B;8A;9A;;;;;;;;
11:00;8C;9D;8C;9C;9C;;;;;;;;
11:45;8B;9B;---;8C;9A;;;;;;;;
12:30;8C;9A;8B;8A;9B;;;;;;;;
14:15;---;---;---;---;---;;;;;;;;
15:00;---;---;---;---;---;;;;;;;;
15:45;---;---;---;---;---;;;;;;;;
16:30;---;---;---;---;---;;;;;;;;
;;;;;;;;;;;;;
;;;;;;;;;;;;;
;;;;;;;;;;;;;
Paulo-OE;;;;;;;;;;;;;
;;;;;;;;;;;;;
Horário;Seg;Ter;Qua;Qui;Sex;;;;;;;;
07:30;---;---;---;---;---;;;;;;;;
08:15;---;---;---;---;---;;;;;;;;
09:00;---;---;---;---;---;;;;;;;;
09:45;---;---;---;---;---;;;;;;;;
11:00;---;---;---;---;---;;;;;;;;
11:45;7B;---;---;7A;---;;;;;;;;
12:30;---;---;---;7C;---;;;;;;;;
14:15;---;---;---;---;---;;;;;;;;
15:00;---;---;---;---;---;;;;;;;;
15:45;---;---;---;---;---;;;;;;;;
16:30;---;---;---;---;---;;;;;;;;
;;;;;;;;;;;;;
;;;;;;;;;;;;;
;;;;;;;;;;;;;
Rafael;;;;;;;;;;;;;
;;;;;;;;;;;;;
Horário;Seg;Ter;Qua;Qui;Sex;;;;;;;;
07:30;6D;---;6B;---;6C;;;;;;;;
08:15;7B;---;7C;---;6C;;;;;;;;
09:00;7B;---;7C;---;6A;;;;;;;;
09:45;6A;---;6D;---;6A;;;;;;;;
11:00;7A;---;6C;---;6B;;;;;;;;
11:45;7A;---;7A;---;6B;;;;;;;;
12:30;7C;---;7B;---;6D;;;;;;;;
14:15;---;---;---;---;---;;;;;;;;
15:00;---;---;---;---;---;;;;;;;;
15:45;---;---;---;---;---;;;;;;;;
16:30;---;---;---;---;---;;;;;;;;
;;;;;;;;;;;;;
;;;;;;;;;;;;;
;;;;;;;;;;;;;
Raphael-Mus;;;;;;;;;;;;;
;;;;;;;;;;;;;
Horário;Seg;Ter;Qua;Qui;Sex;;;;;;;;
07:30;---;8C;8B;---;---;;;;;;;;
08:15;---;8C;8B;---;---;;;;;;;;
09:00;---;8C;8C;---;---;;;;;;;;
09:45;---;---;8A;---;---;;;;;;;;
11:00;---;8A;8A;---;---;;;;;;;;
11:45;---;8B;8A;---;---;;;;;;;;
12:30;---;8B;---;---;---;;;;;;;;
14:15;---;---;---;---;---;;;;;;;;
15:00;---;---;---;---;---;;;;;;;;
15:45;---;---;---;---;---;;;;;;;;
16:30;---;---;---;---;---;;;;;;;;
;;;;;;;;;;;;;
;;;;;;;;;;;;;
;;;;;;;;;;;;;
Rosangela-OE;;;;;;;;;;;;;
;;;;;;;;;;;;;
Horário;Seg;Ter;Qua;Qui;Sex;;;;;;;;
07:30;---;---;---;---;---;;;;;;;;
08:15;---;---;---;---;---;;;;;;;;
09:00;---;---;---;---;---;;;;;;;;
09:45;---;---;---;---;6C;;;;;;;;
11:00;---;---;---;---;6A;;;;;;;;
11:45;---;---;---;---;6D;;;;;;;;
12:30;---;---;---;---;6B;;;;;;;;
14:15;---;---;---;---;---;;;;;;;;
15:00;---;---;---;---;---;;;;;;;;
15:45;---;---;---;---;---;;;;;;;;
16:30;---;---;---;---;---;;;;;;;;
;;;;;;;;;;;;;
;;;;;;;;;;;;;
;;;;;;;;;;;;;
Samantha;;;;;;;;;;;;;
;;;;;;;;;;;;;
Horário;Seg;Ter;Qua;Qui;Sex;;;;;;;;
07:30;---;---;---;7C;8B;;;;;;;;
08:15;---;---;---;7B;8C;;;;;;;;
09:00;---;---;---;7C;8A;;;;;;;;
09:45;---;---;---;7B;8B;;;;;;;;
11:00;---;---;---;7A;8A;;;;;;;;
11:45;---;---;---;---;8C;;;;;;;;
12:30;---;---;---;---;7A;;;;;;;;
14:15;---;---;---;---;---;;;;;;;;
15:00;---;---;---;---;---;;;;;;;;
15:45;---;---;---;---;---;;;;;;;;
16:30;---;---;---;---;---;;;;;;;;
;;;;;;;;;;;;;
;;;;;;;;;;;;;
;;;;;;;;;;;;;
Sandra;;;;;;;;;;;;;
;;;;;;;;;;;;;
Horário;Seg;Ter;Qua;Qui;Sex;;;;;;;;
07:30;---;7C;9B;8A;6D;;;;;;;;
08:15;---;7A;7A;7A;6A;;;;;;;;
09:00;---;8B;7B;---;6C;;;;;;;;
09:45;---;7C;7A;8C;7B;;;;;;;;
11:00;---;9C;---;7B;7C;;;;;;;;
11:45;---;9A;---;7C;---;;;;;;;;
12:30;---;6B;---;7B;9D;;;;;;;;
14:15;---;---;---;---;---;;;;;;;;
15:00;---;---;---;---;---;;;;;;;;
15:45;---;---;---;---;---;;;;;;;;
16:30;---;---;---;---;---;;;;;;;;
;;;;;;;;;;;;;
;;;;;;;;;;;;;
;;;;;;;;;;;;;
Silvia;;;;;;;;;;;;;
;;;;;;;;;;;;;
Horário;Seg;Ter;Qua;Qui;Sex;;;;;;;;
07:30;---;---;---;6C;6A;;;;;;;;
08:15;---;---;---;---;6D;;;;;;;;
09:00;---;---;---;6A;6B;;;;;;;;
09:45;---;---;---;6B;6B;;;;;;;;
11:00;---;6C;---;6D;6D;;;;;;;;
11:45;---;6D;---;6C;6A;;;;;;;;
12:30;---;6A;---;6B;6C;;;;;;;;
14:15;---;---;---;---;---;;;;;;;;
15:00;---;---;---;---;---;;;;;;;;
15:45;---;---;---;---;---;;;;;;;;
16:30;---;---;---;---;---;;;;;;;;
;;;;;;;;;;;;;
;;;;;;;;;;;;;
;;;;;;;;;;;;;
Thais Costa;;;;;;;;;;;;;
;;;;;;;;;;;;;
Horário;Seg;Ter;Qua;Qui;Sex;;;;;;;;
07:30;9A;---;---;---;---;;;;;;;;
08:15;9C;---;---;---;---;;;;;;;;
09:00;9A;---;---;---;---;;;;;;;;
09:45;9C;---;---;---;---;;;;;;;;
11:00;9B;---;---;---;---;;;;;;;;
11:45;---;---;---;---;---;;;;;;;;
12:30;9D;---;---;---;---;;;;;;;;
14:15;9D;---;---;---;---;;;;;;;;
15:00;9B;---;---;---;---;;;;;;;;
15:45;---;---;---;---;---;;;;;;;;
16:30;---;---;---;---;---;;;;;;;;
;;;;;;;;;;;;;
;;;;;;;;;;;;;
;;;;;;;;;;;;;
Vitor;;;;;;;;;;;;;
;;;;;;;;;;;;;
Horário;Seg;Ter;Qua;Qui;Sex;;;;;;;;
07:30;---;8B;---;---;9D;;;;;;;;
08:15;---;9A;---;---;8B;;;;;;;;
09:00;---;8A;---;---;9B;;;;;;;;
09:45;---;8C;---;---;---;;;;;;;;
11:00;---;9A;---;---;9B;;;;;;;;
11:45;---;8A;---;---;9C;;;;;;;;
12:30;---;---;---;---;8C;;;;;;;;
14:15;---;---;9C;---;---;;;;;;;;
15:00;---;---;9D;---;---;;;;;;;;
15:45;---;---;---;---;---;;;;;;;;
16:30;---;---;---;---;---;;;;;;;;
;;;;;;;;;;;;;
;;;;;;;;;;;;;
;;;;;;;;;;;;;
Vivian-OE;;;;;;;;;;;;;
;;;;;;;;;;;;;
Horário;Seg;Ter;Qua;Qui;Sex;;;;;;;;
07:30;---;---;---;9B;---;;;;;;;;
08:15;---;---;---;9A;---;;;;;;;;
09:00;---;---;---;9D;---;;;;;;;;
09:45;---;---;---;9C;---;;;;;;;;
11:00;---;---;---;---;---;;;;;;;;
11:45;9D;---;---;---;---;;;;;;;;
12:30;9B;---;---;---;---;;;;;;;;
14:15;9A;---;---;---;---;;;;;;;;
15:00;9C;---;---;---;---;;;;;;;;
15:45;---;---;---;---;---;;;;;;;;
16:30;---;---;---;---;---;;;;;;;;
;;;;;;;;;;;;;
;;;;;;;;;;;;;
;;;;;;;;;;;;;
Wagner;;;;;;;;;;;;;
;;;;;;;;;;;;;
Horário;Seg;Ter;Qua;Qui;Sex;;;;;;;;
07:30;9C;---;---;8B;---;;;;;;;;
08:15;9D;---;---;8A;---;;;;;;;;
09:00;9B;---;---;9C;---;;;;;;;;
09:45;8C;---;---;9B;---;;;;;;;;
11:00;8B;---;---;9A;---;;;;;;;;
11:45;9A;---;---;9D;---;;;;;;;;
12:30;8A;---;---;8C;---;;;;;;;;
14:15;---;---;---;---;---;;;;;;;;
15:00;---;---;---;---;---;;;;;;;;
15:45;---;---;---;---;---;;;;;;;;
16:30;---;---;---;---;---;;;;;;;;
;;;;;;;;;;;;;
;;;;;;;;;;;;;
;;;;;;;;;;;;;
Horário escolar gerado pelo programa Urânia (www.horario.com.br);;;;;;;;;;;;;
;;;;;;;;;;;;;
;;;;;;;;;;;;;
;;;;;;;;;;;;;
;;;;;;;;;;;;;
;;;;;;;;;;;;;
;;;;;;;;;;;;;
;;;;;;;;;;;;;
;;;;;;;;;;;;;
;;;;;;;;;;;;;
;;;;;;;;;;;;;
;;;;;;;;;;;;;
;;;;;;;;;;;;;
;;;;;;;;;;;;;
;;;;;;;;;;;;;
;;;;;;;;;;;;;
;;;;;;;;;;;;;
;;;;;;;;;;;;;
;;;;;;;;;;;;;
;;;;;;;;;;;;;
;;;;;;;;;;;;;
;;;;;;;;;;;;;
;;;;;;;;;;;;;
;;;;;;;;;;;;;
;;;;;;;;;;;;;
;;;;;;;;;;;;;
;;;;;;;;;;;;;
;;;;;;;;;;;;;
;;;;;;;;;;;;;
;;;;;;;;;;;;;
;;;;;;;;;;;;;
;;;;;;;;;;;;;
;;;;;;;;;;;;;
;;;;;;;;;;;;;
;;;;;;;;;;;;;
;;;;;;;;;;;;;
;;;;;;;;;;;;;
;;;;;;;;;;;;;
;;;;;;;;;;;;;
;;;;;;;;;;;;;
;;;;;;;;;;;;;
;;;;;;;;;;;;;
;;;;;;;;;;;;;
;;;;;;;;;;;;;
;;;;;;;;;;;;;
;;;;;;;;;;;;;
;;;;;;;;;;;;;
;;;;;;;;;;;;;
;;;;;;;;;;;;;
;;;;;;;;;;;;;
;;;;;;;;;;;;;
;;;;;;;;;;;;;
;;;;;;;;;;;;;
;;;;;;;;;;;;;
;;;;;;;;;;;;;
;;;;;;;;;;;;;
;;;;;;;;;;;;;
;;;;;;;;;;;;;
;;;;;;;;;;;;;
;;;;;;;;;;;;;
;;;;;;;;;;;;;
;;;;;;;;;;;;;
;;;;;;;;;;;;;
;;;;;;;;;;;;;
;;;;;;;;;;;;;
;;;;;;;;;;;;;
;;;;;;;;;;;;;
;;;;;;;;;;;;;
;;;;;;;;;;;;;
;;;;;;;;;;;;;
;;;;;;;;;;;;;
;;;;;;;;;;;;;
;;;;;;;;;;;;;
;;;;;;;;;;;;;
;;;;;;;;;;;;;
;;;;;;;;;;;;;
;;;;;;;;;;;;;
;;;;;;;;;;;;;
;;;;;;;;;;;;;
;;;;;;;;;;;;;
;;;;;;;;;;;;;
;;;;;;;;;;;;;
;;;;;;;;;;;;;
;;;;;;;;;;;;;
;;;;;;;;;;;;;
;;;;;;;;;;;;;
;;;;;;;;;;;;;
;;;;;;;;;;;;;
;;;;;;;;;;;;;
;;;;;;;;;;;;;
;;;;;;;;;;;;;
;;;;;;;;;;;;;
;;;;;;;;;;;;;
;;;;;;;;;;;;;
;;;;;;;;;;;;;
;;;;;;;;;;;;;
;;;;;;;;;;;;;
;;;;;;;;;;;;;
;;;;;;;;;;;;;
;;;;;;;;;;;;;
;;;;;;;;;;;;;
;;;;;;;;;;;;;
;;;;;;;;;;;;;
;;;;;;;;;;;;;
;;;;;;;;;;;;;
;;;;;;;;;;;;;
;;;;;;;;;;;;;
;;;;;;;;;;;;;
;;;;;;;;;;;;;
;;;;;;;;;;;;;
;;;;;;;;;;;;;
;;;;;;;;;;;;;
;;;;;;;;;;;;;
;;;;;;;;;;;;;
;;;;;;;;;;;;;
;;;;;;;;;;;;;
;;;;;;;;;;;;;
;;;;;;;;;;;;;
;;;;;;;;;;;;;
;;;;;;;;;;;;;
;;;;;;;;;;;;;
;;;;;;;;;;;;;
;;;;;;;;;;;;;
;;;;;;;;;;;;;
;;;;;;;;;;;;;
;;;;;;;;;;;;;
;;;;;;;;;;;;;
;;;;;;;;;;;;;
;;;;;;;;;;;;;
;;;;;;;;;;;;;
;;;;;;;;;;;;;
;;;;;;;;;;;;;
;;;;;;;;;;;;;
;;;;;;;;;;;;;
;;;;;;;;;;;;;
;;;;;;;;;;;;;
;;;;;;;;;;;;;
;;;;;;;;;;;;;
;;;;;;;;;;;;;
;;;;;;;;;;;;;
;;;;;;;;;;;;;
;;;;;;;;;;;;;
;;;;;;;;;;;;;
;;;;;;;;;;;;;
;;;;;;;;;;;;;
;;;;;;;;;;;;;
;;;;;;;;;;;;;
;;;;;;;;;;;;;
;;;;;;;;;;;;;
;;;;;;;;;;;;;
;;;;;;;;;;;;;
;;;;;;;;;;;;;
;;;;;;;;;;;;;
;;;;;;;;;;;;;
;;;;;;;;;;;;;
;;;;;;;;;;;;;
;;;;;;;;;;;;;
;;;;;;;;;;;;;
;;;;;;;;;;;;;
;;;;;;;;;;;;;
;;;;;;;;;;;;;
;;;;;;;;;;;;;
;;;;;;;;;;;;;
;;;;;;;;;;;;;
;;;;;;;;;;;;;
;;;;;;;;;;;;;
;;;;;;;;;;;;;
;;;;;;;;;;;;;
;;;;;;;;;;;;;
;;;;;;;;;;;;;
;;;;;;;;;;;;;
;;;;;;;;;;;;;
;;;;;;;;;;;;;
;;;;;;;;;;;;;
;;;;;;;;;;;;;
;;;;;;;;;;;;;
;;;;;;;;;;;;;
;;;;;;;;;;;;;
;;;;;;;;;;;;;
;;;;;;;;;;;;;
;;;;;;;;;;;;;
;;;;;;;;;;;;;
;;;;;;;;;;;;;
;;;;;;;;;;;;;
;;;;;;;;;;;;;
;;;;;;;;;;;;;
;;;;;;;;;;;;;
;;;;;;;;;;;;;
;;;;;;;;;;;;;
;;;;;;;;;;;;;
;;;;;;;;;;;;;
;;;;;;;;;;;;;
;;;;;;;;;;;;;
;;;;;;;;;;;;;
;;;;;;;;;;;;;
;;;;;;;;;;;;;
;;;;;;;;;;;;;
;;;;;;;;;;;;;
;;;;;;;;;;;;;
;;;;;;;;;;;;;
;;;;;;;;;;;;;
;;;;;;;;;;;;;
;;;;;;;;;;;;;
;;;;;;;;;;;;;
;;;;;;;;;;;;;
;;;;;;;;;;;;;
;;;;;;;;;;;;;
;;;;;;;;;;;;;
;;;;;;;;;;;;;
;;;;;;;;;;;;;
;;;;;;;;;;;;;
;;;;;;;;;;;;;
;;;;;;;;;;;;;
;;;;;;;;;;;;;
;;;;;;;;;;;;;
;;;;;;;;;;;;;
;;;;;;;;;;;;;
;;;;;;;;;;;;;
;;;;;;;;;;;;;
;;;;;;;;;;;;;
;;;;;;;;;;;;;
;;;;;;;;;;;;;
;;;;;;;;;;;;;
;;;;;;;;;;;;;
;;;;;;;;;;;;;
;;;;;;;;;;;;;
;;;;;;;;;;;;;
;;;;;;;;;;;;;
;;;;;;;;;;;;;
;;;;;;;;;;;;;
;;;;;;;;;;;;;
;;;;;;;;;;;;;
;;;;;;;;;;;;;
;;;;;;;;;;;;;
;;;;;;;;;;;;;
;;;;;;;;;;;;;
;;;;;;;;;;;;;
;;;;;;;;;;;;;
;;;;;;;;;;;;;
;;;;;;;;;;;;;
;;;;;;;;;;;;;
;;;;;;;;;;;;;
;;;;;;;;;;;;;
;;;;;;;;;;;;;
;;;;;;;;;;;;;
;;;;;;;;;;;;;
;;;;;;;;;;;;;
;;;;;;;;;;;;;
;;;;;;;;;;;;;
;;;;;;;;;;;;;
;;;;;;;;;;;;;
;;;;;;;;;;;;;
;;;;;;;;;;;;;
;;;;;;;;;;;;;
;;;;;;;;;;;;;
;;;;;;;;;;;;;
;;;;;;;;;;;;;
;;;;;;;;;;;;;
;;;;;;;;;;;;;
;;;;;;;;;;;;;
;;;;;;;;;;;;;
;;;;;;;;;;;;;
;;;;;;;;;;;;;
;;;;;;;;;;;;;
;;;;;;;;;;;;;
;;;;;;;;;;;;;
;;;;;;;;;;;;;
;;;;;;;;;;;;;
;;;;;;;;;;;;;
;;;;;;;;;;;;;
;;;;;;;;;;;;;
;;;;;;;;;;;;;
;;;;;;;;;;;;;
;;;;;;;;;;;;;
;;;;;;;;;;;;;
;;;;;;;;;;;;;
;;;;;;;;;;;;;
;;;;;;;;;;;;;
;;;;;;;;;;;;;
;;;;;;;;;;;;;
;;;;;;;;;;;;;
;;;;;;;;;;;;;
;;;;;;;;;;;;;
;;;;;;;;;;;;;
;;;;;;;;;;;;;
;;;;;;;;;;;;;
;;;;;;;;;;;;;
;;;;;;;;;;;;;
