;;Total de aulas;;;;Aulas na ABV;;;;;;;;;;;;;;;;;Aulas na JK;;;;;;;;;;;;;;;;;;;;;;;;;;;
NOME;COMPONENTE;"ABV
AF";"ABV
EM";"JK
AF";"JK
EM";6A;6B;6C;7A;7B;8A;8B;9A;9B;1A;1B;IB 1;2A;2B;IB 2;3A;IB 3;6A;6B;6C;6D;7A;7B;7C;8A;8B;8C;9A;9B;9C;9D;1A;1B;1C;IB 1D;IB 1E;2A;2B;IB 2;3A;3B;3C;IB 3;E-MAIL INSTITUCIONAL;
Adla Luciana Rizzo;Maker;16;0;0;0;;;;;;4;4;4;4;;;;;;;;;;;;;;;;;;;;;;;;;;;;;;;;;;;adla.rizzo@lourencocastanho.com.br;
Adriana Fontes Sá;Educação Financeira;5;4;7;5;1;1;1;1;1;;;;;1;1;;1;1;;;;1;1;1;1;1;1;1;;;;;;;;1;1;1;;;1;1;;;;;;adriana.sa@lourencocastanho.com.br;
Adriano Alves Lopes (Jamaica);Artes (Música);12;0;8;0;;;;;;4;4;2;2;;;;;;;;;;;;;;;;;;;2;2;2;2;;;;;;;;;;;;;adriano.lopes@lourencocastanho.com.br;
Adriano Gomes Serrão de Freitas;Educação Física;18;4;0;0;2;2;2;2;2;2;2;2;2;1;1;;1;1;;;;;;;;;;;;;;;;;;;;;;;;;;;;;;adriano.freitas@lourencocastanho.com.br;
Alexandra do Espírito Santo;Inglês;0;4;0;4;;;;;;;;;;1;1;;1;1;;;;;;;;;;;;;;;;;;0,7;0,7;0,7;;;1;1;;;;;;alexandra.santo@lourencocastanho.com.br;
Aline Isabela Paulino Pereira;História;0;0;0;6;;;;;;;;;;;;;;;;;;;;;;;;;;;;;;;;;;;;;3;3;;;;;;aline.pereira@lourencocastanho.com.br;
Aline Yura Beak;Espanhol;6;0;0;0;2;2;2;;;;;;;;;;;;;;;;;;;;;;;;;;;;;;;;;;;;;;;;;aline.beak@lourencocastanho.com.br;
Amanda Angelozzi Silva;Redação;0;16;0;0;;;;;;;;;;2;2;2;2;2;2;2;2;;;;;;;;;;;;;;;;;;;;;;;;;;;amanda.angelozzi@lourencocastanho.com.br;
Aristoteles Trombini dos Santos;Geografia;12;0;21;0;;;;3;3;3;3;;;;;;;;;;;;;;;;;;3;3;3;3;3;3;3;;;;;;;;;;;;;aristoteles.santos@lourencocastanho.com.br;
Barbara Ferreira dos Santos;Espanhol;0;0;8;0;;;;;;;;;;;;;;;;;;2;2;2;2;;;;;;;;;;;;;;;;;;;;;;;barbara.santos@lourencocastanho.com.br;
Bárbara Guimarães Parreira;Matemática;0;0;15;0;;;;;;;;;;;;;;;;;;;;;;;;;5;5;5;;;;;;;;;;;;;;;;;barbara.parreira@lourencocastanho.com.br;
Beatriz Villarroel Andrade Glaessel;IB Spanish;0;12;0;16;;;;;;;;;;;;4;;;4;;4;;;;;;;;;;;;;;;;;;4;4;;;4;;;;4;beatrizg@lourencocastanho.com.br;
Bruna Rossi Leão Raphaeli;Ciências;6;0;0;0;;;;3;3;;;;;;;;;;;;;;;;;;;;;;;;;;;;;;;;;;;;;;;brunax@lourencocastanho.com.br;
Bruno Murillo Roncoleta;Química;0;14;0;4;;;;;;;;;;;;;2;2;3;3;4;;;;;;;;;;;;;;;;;;;;2;2;;;;;;bruno.roncoleta@lourencocastanho.com.br;
Caio Silviano;Artes (Teatro);0;0;24;0;;;;;;;;;;;;;;;;;;4;4;4;4;;;;;;;2;2;2;2;;;;;;;;;;;;;caio.silviano@lourencocastanho.com.br;
Camila Moraes Guerrero;Redação;8;0;8;0;;;;;;2;2;2;2;;;;;;;;;;;;;;;;;;;2;2;2;2;;;;;;;;;;;;;camila.guerrero@lourencocastanho.com.br;
Camila Moraes Guerrero;Análise Linguística;0;4;0;0;;;;;;;;;;2;2;;;;;;;;;;;;;;;;;;;;;;;;;;;;;;;;;camila.guerrero@lourencocastanho.com.br;
Carlos Eduardo Campos Serejo;Artes (Artes Visuais);0;0;12;0;;;;;;;;;;;;;;;;;;;;;;4;4;4;;;;;;;;;;;;;;;;;;;;carlos.serejo@lourencocastanho.com.br;
Chrislaine dos Santos Souza;Ciências;9;0;21;0;3;3;3;;;;;;;;;;;;;;;3;3;3;3;3;3;3;;;;;;;;;;;;;;;;;;;;chrislaines@lourencocastanho.com.br;
Cleber Ribeiro Cruz;Matemática;0;0;20;0;;;;;;;;;;;;;;;;;;;;;;;;;;;;5;5;5;5;;;;;;;;;;;;;cleber.cruz@lourencocastanho.com.br;
Cristiane Estela Inocencio Fonseca;Inglês;21;2;9;2;1;1;1;4;4;4;4;1;1;1;1;;;;;;;;;;;;;;3;3;3;;;;;0,7;0,7;0,7;;;;;;;;;;cristiane.fonseca@lourencocastanho.com.br;
Daniela Bernardino Toffoli;Redação;0;0;0;14;;;;;;;;;;;;;;;;;;;;;;;;;;;;;;;;;;;;;2;2;2;2;2;2;2;daniela.toffoli@lourencocastanho.com.br;
Danielle Cleo Faria;Análise Linguística;0;6;0;16;;;;;;;;;;;;;2;2;;2;;;;;;;;;;;;;;;;2;2;2;;;2;2;;2;2;2;;danielle.faria@lourencocastanho.com.br;
Davi Nascimento de Carvalho;Maker;0;0;12;0;;;;;;;;;;;;;;;;;;;;;;;;;4;4;4;;;;;;;;;;;;;;;;;davi.carvalho@lourencocastanho.com.br;
Davi Nascimento de Carvalho;Matemática;0;0;0;8;;;;;;;;;;;;;;;;;;;;;;;;;;;;;;;;;;;2;2;;;2;;;;2;davi.carvalho@lourencocastanho.com.br;
Driely Bueno Roth ;Maker;0;0;34;0;;;;;;;;;;;;;;;;;;4;4;4;4;6;6;6;;;;;;;;;;;;;;;;;;;;driely.roth@lourencocastanho.com.br;
Eliane Limonti da Fonseca;Redação;0;0;20;0;;;;;;;;;;;;;;;;;;2;2;2;2;2;2;2;2;2;2;;;;;;;;;;;;;;;;;eliane.fonseca@lourencocastanho.com.br;
Felipe Leal Alves Xavier;Filosofia;0;4;0;6;;;;;;;;;;2;2;;;;;;;;;;;;;;;;;;;;;2;2;2;;;;;;;;;;felipe.xavier@lourencocastanho.com.br;
Felipe Sivieri Paiffer Baracho;IB English;0;12;0;8;;;;;;;;;;;;4;;;4;;4;;;;;;;;;;;;;;;;;;;;;;4;;;;4;felipe.baracho@lourencocastanho.com.br;
Filipe Augusto Portes;História;6;0;9;0;;;;;;3;3;;;;;;;;;;;;;;;;;;3;3;3;;;;;;;;;;;;;;;;;filipe.portes@lourencocastanho.com.br;
Francisco de Oliveira Meneses;Redação;0;0;0;10;;;;;;;;;;;;;;;;;;;;;;;;;;;;;;;;2;2;2;2;2;;;;;;;;francisco.meneses@lourencocastanho.com.br;
Gabriela Toti Junqueira Lopes;Química;0;0;0;27;;;;;;;;;;;;;;;;;;;;;;;;;;;;;;;;4;4;4;3;3;;;;3;3;3;;gabriela.lopes@lourencocastanho.com.br;
Giovanna de Fátima Ballarin Leandro;Educação Física;;;;;;;;;;;;;;;;;;;;;;;;;;;;;;;;;;;;2;2;2;;;2;2;;;;;;giovannal@lourencocastanho.com.br;
Giovanna Lanzuolo da Silva ;Maker;8;0;0;0;;;;4;4;;;;;;;;;;;;;;;;;;;;;;;;;;;;;;;;;;;;;;;giovanna.lanzuolo@lourencocastanho.com.br;
Guilherme Bastos Daniel;Geografia;6;16;0;0;;;;;;;;3;3;3;3;2;3;3;2;;;;;;;;;;;;;;;;;;;;;;;;;;;;;guilhermed@lourencocastanho.com.br;
Guilherme Gaglianone Bruno;LP;16;0;12;0;;;;4;4;4;4;;;;;;;;;;;;;;;4;4;4;;;;;;;;;;;;;;;;;;;;guilherme.bruno@lourencocastanho.com.br;
Hamilton Aurelio de Lima Evangelista dos Santos;Física;4;0;6;0;;;;;;2;2;;;;;;;;;;;;;;;;;;2;2;2;;;;;;;;;;;;;;;;;hamilton.santos@lourencocastanho.com.br;
Heitor Ribeiro de Souza;História;0;10;0;12;;;;;;;;;;;;;3;3;;4;;;;;;;;;;;;;;;;;;;;;;;;4;4;4;;heitor.souza@lourencocastanho.com.br;
Heloisa Maria Hessel;Matemática;0;16;0;21;;;;;;;;;;5;5;;3;3;;;;;;;;;;;;;;;;;;5;5;5;;;3;3;;;;;;heloisah@lourencocastanho.com.br;
Henrique Nogueira Magalhães;Matemática;0;0;0;16;;;;;;;;;;;;;;;;;;;;;;;;;;;;;;;;;;;;;2;2;;4;4;4;;henriquem@lourencocastanho.com.br;
Isabela Cristina Terra Saraiva;IB TOK;0;7;0;0;;;;;;;;;;;;3;;;3;;1;;;;;;;;;;;;;;;;;;;;;;;;;;;isabelas@lourencocastanho.com.br;
João Guilherme Longaresi de Gasperi;Educação Física;0;0;14;0;;;;;;;;;;;;;;;;;;2;2;2;2;2;2;2;;;;;;;;;;;;;;;;;;;;joao.gasperi@lourencocastanho.com.br;
João Humberto de Moura;Inglês;9;0;12;0;3;3;3;;;;;;;;;;;;;;;3;3;3;3;;;;;;;;;;;;;;;;;;;;;;;joao.moura@lourencocastanho.com.br;
Jorge Ferreira do Valle Neto;Física;0;14;0;27;;;;;;;;;;4;4;3;;;;3;;;;;;;;;;;;;;;;4;4;4;3;3;;;;3;3;3;;jorgen@lourencocastanho.com.br;
Karine Bernadino Matias Morgado;História;0;0;21;0;;;;;;;;;;;;;;;;;;3;3;3;3;3;3;3;;;;;;;;;;;;;;;;;;;;karine.morgado@lourencocastanho.com.br;
Leandro Alves de Souza;Educação Física;;;;;;;;;;;;;;;;;;;;;;;;;;;;;;;;;;;;2;2;2;;;2;2;;;;;;leandro.souza@lourencocastanho.com.br;
Leandro Evangelista Martins;Atualidades;0;5;0;5;;;;;;;;;;1;1;;1;1;;1;;;;;;;;;;;;;;;;1;1;1;;;1;1;;;;;;leandrom@lourencocastanho.com.br;
Leandro Evangelista Martins;Geografia;0;6;0;14;;;;;;;;;;;;;;;;4;2;;;;;;;;;;;;;;;;;;;;;;;4;4;4;2;leandrom@lourencocastanho.com.br;
Leonardo Melchior Correa;Maker;0;0;28;0;;;;;;;;;;;;;;;;;;;;;;4;4;4;;;;4;4;4;4;;;;;;;;;;;;;leonardo.correa@lourencocastanho.com.br;
Ligia de Cassia Limão;História;15;0;0;0;3;3;3;3;3;;;;;;;;;;;;;;;;;;;;;;;;;;;;;;;;;;;;;;;ligia.Limao@lourencocastanho.com.br;
Lilian Mara Dal Cin Santos;IB Portuguese;0;10;0;15;;;;;;;;;;;;;;;5;;5;;;;;;;;;;;;;;;;;;;;;;5;;;;10;lilianp@lourencocastanho.com.br;
Luana Buzzo Carrion;Química;4;11;8;0;;;;;;;;2;2;4;4;3;;;;;;;;;;;;;;;;2;2;2;2;;;;;;;;;;;;;luana.carrion@lourencocastanho.com.br;
Luana de Almeida Pires Bezerra;Geografia;0;0;0;13;;;;;;;;;;;;;;;;;;;;;;;;;;;;;;;;3;3;3;2;2;;;;;;;;luana.bezerra@lourencocastanho.com.br;
Luca Bruder Natalini;Biologia;0;9;0;0;;;;;;;;;;;;;;;;5;4;;;;;;;;;;;;;;;;;;;;;;;;;;;luca.natalini@lourencocastanho.com.br;
Lucas Kiyoharu Sanches Oda;Literatura;0;10;0;16;;;;;;;;;;2;2;;2;2;;2;;;;;;;;;;;;;;;;2;2;2;;;2;2;;2;2;2;;lucas.oda@lourencocastanho.com.br;
Lucas Silva de Oliveira;Artes (Artes Visuais);8;0;0;0;;;;4;4;;;;;;;;;;;;;;;;;;;;;;;;;;;;;;;;;;;;;;;lucas.oliveira@lourencocastanho.com.br;
Lucas Silva de Oliveira;Artes (Hist. da Arte);0;4;0;5;;;;;;;;;;1;1;;1;1;;;;;;;;;;;;;;;;;;1;1;1;;;1;1;;;;;;lucas.oliveira@lourencocastanho.com.br;
Lucas Silva de Oliveira;IB CAS;0;2;0;3;;;;;;;;;;;;1;;;1;;;;;;;;;;;;;;;;;;;;1;1;;;1;;;;;lucas.oliveira@lourencocastanho.com.br;
Luciene Geralda dos Santos;Biologia;0;11;0;15;;;;;;;;;;;;;4;4;3;;;;;;;;;;;;;;;;;;;;;;4;4;3;;;;4;luciene.santos@lourencocastanho.com.br;
Luis Fernando Migliari Branco;História;6;6;12;9;;;;;;;;3;3;3;3;;;;;;;;;;;;;;;;;3;3;3;3;3;3;3;;;;;;;;;;luis.branco@lourencocastanho.com.br;
Marcella Abboud;Interp e Prod Tex;0;0;0;16;;;;;;;;;;;;;;;;;;;;;;;;;;;;;;;;2;2;2;;;2;2;;2;2;2;;marcella.abboud@lourencocastanho.com.br;
Marcella Iole da Costa;Inglês;0;2;12;4;;;;;;;;;;;;;1;1;;;;;;;;;;;;;;3;3;3;3;0,7;0,7;0,7;;;1;1;;;;;;marcella.costa@lourencocastanho.com.br;
Marcello Braga Pedreira da Silva;Matemática;0;16;0;6;;;;;;;;;;;;2;2;2;2;6;2;;;;;;;;;;;;;;;;;;;;;;;2;2;2;;marcello.braga@lourencocastanho.com.br;
Marcello Sarraino Fonseca;História;0;7;0;9;;;;;;;;;;;;2;;;2;;3;;;;;;;;;;;;;;;;;;2;2;;;2;;;;3;marcello.fonseca@lourencocastanho.com.br;
Marcelo Ribeiro Marcondes Fonseca;IB Global Politics;0;15;0;20;;;;;;;;;;;;5;;;5;;5;;;;;;;;;;;;;;;;;;5;5;;;5;;;;5;marcelo.fonseca@lourencocastanho.com.br;
Marcio Gato Gonçalves;IB Biology;0;15;0;20;;;;;;;;;;;;5;;;5;;5;;;;;;;;;;;;;;;;;;5;5;;;5;;;;5;marcio.goncalves@lourencocastanho.com.br;
Marcos Vinicius Puccinelli Segatti;Educação Física;0;4;0;0;;;;;;;;;;1;1;;1;1;;;;;;;;;;;;;;;;;;;;;;;;;;;;;;marcos.segatti@lourencocastanho.com.br;
Marcus Vinicius Agreda Diniz Tavares;Biologia;8;11;0;0;;;;;;;;4;4;4;4;3;;;;;;;;;;;;;;;;;;;;;;;;;;;;;;;;marcus.tavares@lourencocastanho.com.br;
Maria Paula de Souza Rodrigues;IB Extended Essay;0;0;0;3;;;;;;;;;;;;;;;;;;;;;;;;;;;;;;;;;;;1;1;;;1;;;;;maria.paula@lourencocastanho.com.br;
Maria Paula de Souza Rodrigues;IB Chemistry;0;0;0;10;;;;;;;;;;;;;;;;;;;;;;;;;;;;;;;;;;;5;5;;;;;;;;maria.paula@lourencocastanho.com.br;
Mariah Rodrigues de Castro;Inglês;0;0;0;2;;;;;;;;;;;;;;;;;;;;;;;;;;;;;;;;;;;;;1;1;;;;;;mariah.castro@lourencocastanho.com.br;
Mariana Zacchi Lopes Silva;Matemática;0;0;24;0;;;;;;;;;;;;;;;;;;6;6;6;6;;;;;;;;;;;;;;;;;;;;;;;mariana.silva@lourencocastanho.com.br;
Matheus Panazzo Salvaterra;Física;4;0;8;0;;;;;;;;2;2;;;;;;;;;;;;;;;;;;;2;2;2;2;;;;;;;;;;;;;matheus.salvaterra@lourencocastanho.com.br;
Matthias Florian Tobias Vogt;IB Music;0;12;0;0;;;;;;;;;;;;4;;;4;;4;;;;;;;;;;;;;;;;;;;;;;;;;;;matthias.vogt@lourencocastanho.com.br;
Meire Piai Henriques (licença);Educação Financeira;5;0;7;0;1;1;1;1;1;;;;;;;;;;;;;1;1;1;1;1;1;1;;;;;;;;;;;;;;;;;;;;meire.henriques@lourencocastanho.com.br;
Melissa Maranhão Affonso;Artes (Teatro);16;0;0;0;4;4;4;;;;;2;2;;;;;;;;;;;;;;;;;;;;;;;;;;;;;;;;;;;melissaa@lourencocastanho.com.br;
Milena Oliveira Fernandes;LP;0;0;28;0;;;;;;;;;;;;;;;;;;;;;;;;;4;4;4;4;4;4;4;;;;;;;;;;;;;milenas@lourencocastanho.com.br;
Natalia Bonin dos Santos;LP;12;0;0;0;4;4;4;;;;;;;;;;;;;;;;;;;;;;;;;;;;;;;;;;;;;;;;;natalia.santos@lourencocastanho.com.br;
Nicolas Huzian Camacho;Matemática;18;0;0;0;6;6;6;;;;;;;;;;;;;;;;;;;;;;;;;;;;;;;;;;;;;;;;;nicolas.camacho@lourencocastanho.com.br;
Priscila Sanches de Andrade;Matemática;32;0;0;0;;;;6;6;5;5;5;5;;;;;;;;;;;;;;;;;;;;;;;;;;;;;;;;;;;priscila.andrade@lourencocastanho.com.br;
Rafael da Costa Rodrigues;Geografia;9;0;21;0;3;3;3;;;;;;;;;;;;;;;3;3;3;3;3;3;3;;;;;;;;;;;;;;;;;;;;rafael.rodrigues@lourencocastanho.com.br;
Rafael Trivella Pacheco da Silva;IB Extended Essay;0;2;0;3;;;;;;;;;;;;1;;;1;;;;;;;;;;;;;;;;;;;;1;1;;;1;;;;;rafael.silva@lourencocastanho.com.br;
Rafael Trivella Pacheco da Silva;IB Chemistry;0;15;0;10;;;;;;;;;;;;5;;;5;;5;;;;;;;;;;;;;;;;;;;;;;5;;;;5;rafael.silva@lourencocastanho.com.br;
Raphael Gomes de Souza;Artes (Música);0;0;12;0;;;;;;;;;;;;;;;;;;;;;;;;;4;4;4;;;;;;;;;;;;;;;;;raphael.souza@lourencocastanho.com.br;
Reinaldo Putvinskis Junior;Química;0;6;0;17;;;;;;;;;;;;;2;2;;2;;;;;;;;;;;;;;;;;;;;;2;2;3;2;2;2;4;reinaldo.junior@lourencocastanho.com.br;
Renata Christina Soares Alves Dinato;LP;8;0;0;0;;;;;;;;4;4;;;;;;;;;;;;;;;;;;;;;;;;;;;;;;;;;;;renata.dinato@lourencocastanho.com.br;
Renata Christina Soares Alves Dinato;Interp e Prod Tex;0;10;0;0;;;;;;;;;;2;2;;2;2;;2;;;;;;;;;;;;;;;;;;;;;;;;;;;;renata.dinato@lourencocastanho.com.br;
Renato Cardoso dos Anjos;Física;0;18;0;22;;;;;;;;;;;;;4;4;3;2;5;;;;;;;;;;;;;;;;;;;;4;4;3;2;2;2;5;renato.anjos@lourencocastanho.com.br;
Renato Epstein;IB Music;0;0;0;16;;;;;;;;;;;;;;;;;;;;;;;;;;;;;;;;;;;4;4;;;4;;;;4;renatoe@lourencocastanho.com.br;
Renato Farinelli;Educação Física;0;6;0;0;;;;;;;;;;1,5;1,5;;1,5;1,5;;;;;;;;;;;;;;;;;;;;;;;;;;;;;;renato.farinelli@lourencocastanho.com.br;
Renato Vercesi Mader;IB Business;0;5;0;10;;;;;;;;;;;;5;;;;;;;;;;;;;;;;;;;;;;;5;5;;;;;;;;renato.mader@lourencocastanho.com.br;
Samantha Oliveira Calvo ;Espanhol;0;0;12;0;;;;;;;;;;;;;;;;;;;;;;2;2;2;2;2;2;;;;;;;;;;;;;;;;;samantha.calvo@lourencocastanho.com.br;
Sandra Carla Vieira Adelizzi;Inglês;0;0;23;0;;;;;;;;;;;;;;;;;;1;1;1;1;4;4;4;1;1;1;1;1;1;1;;;;;;;;;;;;;sandraa@lourencocastanho.com.br;
Sebastian Alvarado Fuentes;Atualidades;0;0;0;3;;;;;;;;;;;;;;;;;;;;;;;;;;;;;;;;;;;;;;;;1;1;1;;sebastian.fuentes@lourencocastanho.com.br;
Sebastian Alvarado Fuentes;Geografia;0;0;0;8;;;;;;;;;;;;;;;;;;;;;;;;;;;;;;;;;;;;;3;3;2;;;;;sebastian.fuentes@lourencocastanho.com.br;
Silvia Nunes;LP;0;0;16;0;;;;;;;;;;;;;;;;;;4;4;4;4;;;;;;;;;;;;;;;;;;;;;;;silvia.nunes@lourencocastanho.com.br;
Silvia Nunes;Redação;10;0;0;0;2;2;2;2;2;;;;;;;;;;;;;;;;;;;;;;;;;;;;;;;;;;;;;;;silvia.nunes@lourencocastanho.com.br;
Tatiana de Souza Mendes Garcia;Maker;12;0;0;0;4;4;4;;;;;;;;;;;;;;;;;;;;;;;;;;;;;;;;;;;;;;;;;tatianam@lourencocastanho.com.br;
Thais Estefania Costa;Espanhol;12;0;8;0;;;;2;2;2;2;2;2;;;;;;;;;;;;;;;;;;;2;2;2;2;;;;;;;;;;;;;thais.costa@lourencocastanho.com.br;
Thalita Serra de Castro;IB Portuguese;0;5;0;10;;;;;;;;;;;;5;;;;;;;;;;;;;;;;;;;;;;;5;5;;;;;;;;thalita.castro@lourencocastanho.com.br;
Thalita Serra de Castro;IB English;0;0;0;8;;;;;;;;;;;;;;;;;;;;;;;;;;;;;;;;;;;4;4;;;;;;;;thalita.castro@lourencocastanho.com.br;
Thiago Bernardo Zwarg;Inglês;6;5;0;7;;;;;;;;3;3;1;1;;1;1;;1;;;;;;;;;;;;;;;;0,7;0,7;0,7;;;1;1;;1;1;1;;thiago.zwarg@lourencocastanho.com.br;
Vânia Fonseca Longhi Macarrão;Biologia;0;0;0;33;;;;;;;;;;;;;;;;;;;;;;;;;;;;;;;;4;4;4;3;3;;;;5;5;5;;vania.macarrao@lourencocastanho.com.br;
Victor Hugo Gouveia Santana;Biologia;4;0;14;0;;;;;;2;2;;;;;;;;;;;;;;;;;;2;2;2;2;2;2;2;;;;;;;;;;;;;victor.santana@lourencocastanho.com.br;
Vinícius de Castro Soares;Filosofia;0;6;0;10;;;;;;;;;;;;;2;2;;2;;;;;;;;;;;;;;;;;;;;;2;2;;2;2;2;;viniciuss@lourencocastanho.com.br;
Vinicius Modolo Santos;IB Math;0;15;0;25;;;;;;;;;;;;5;;;5;;5;;;;;;;;;;;;;;;;;;5;5;;;5;;;;10;viniciusm@lourencocastanho.com.br;
Viviane Riegel;IB Business;0;5;0;5;;;;;;;;;;;;;;;5;;;;;;;;;;;;;;;;;;;;;;;;5;;;;;viviane.riegel@lourencocastanho.com.br;
Viviane Riegel;IB Economics;0;5;0;5;;;;;;;;;;;;;;;;;5;;;;;;;;;;;;;;;;;;;;;;;;;;5;viviane.riegel@lourencocastanho.com.br;
Viviane Riegel;IB TOK;0;0;0;10;;;;;;;;;;;;;;;;;;;;;;;;;;;;;;;;;;;3;3;;;3;;;;1;viviane.riegel@lourencocastanho.com.br;
Wagner da Silva Oliveira;Educação Física;0;0;14;10;;;;;;;;;;;;;;;;;;;;;;;;;2;2;2;2;2;2;2;2;2;2;;;2;2;;;;;;wagnero@lourencocastanho.com.br;
;;;;;;;;;;;;;;;;;;;;;;;;;;;;;;;;;;;;;;;;;;;;;;;;;;
;;;;;;;;;;;;;;;;;;;;;;;;;;;;;;;;;;;;;;;;;;;;;;;;;;
;;;;;;;;;;;;;;;;;;;;;;;;;;;;;;;;;;;;;;;;;;;;;;;;;;
;;;;;;;;;;;;;;;;;;;;;;;;;;;;;;;;;;;;;;;;;;;;;;;;;;
;;;;;;;;;;;;;;;;;;;;;;;;;;;;;;;;;;;;;;;;;;;;;;;;;;
;;;;;;;;;;;;;;;;;;;;;;;;;;;;;;;;;;;;;;;;;;;;;;;;;;
;;;;;;;;;;;;;;;;;;;;;;;;;;;;;;;;;;;;;;;;;;;;;;;;;;
;;;;;;;;;;;;;;;;;;;;;;;;;;;;;;;;;;;;;;;;;;;;;;;;;;
;;;;;;;;;;;;;;;;;;;;;;;;;;;;;;;;;;;;;;;;;;;;;;;;;;
;;;;;;;;;;;;;;;;;;;;;;;;;;;;;;;;;;;;;;;;;;;;;;;;;;
;;;;;;;;;;;;;;;;;;;;;;;;;;;;;;;;;;;;;;;;;;;;;;;;;;
;;;;;;;;;;;;;;;;;;;;;;;;;;;;;;;;;;;;;;;;;;;;;;;;;;
;;;;;;;;;;;;;;;;;;;;;;;;;;;;;;;;;;;;;;;;;;;;;;;;;;
;;;;;;;;;;;;;;;;;;;;;;;;;;;;;;;;;;;;;;;;;;;;;;;;;;
;;;;;;;;;;;;;;;;;;;;;;;;;;;;;;;;;;;;;;;;;;;;;;;;;;
;;;;;;;;;;;;;;;;;;;;;;;;;;;;;;;;;;;;;;;;;;;;;;;;;;
;;;;;;;;;;;;;;;;;;;;;;;;;;;;;;;;;;;;;;;;;;;;;;;;;;
;;;;;;;;;;;;;;;;;;;;;;;;;;;;;;;;;;;;;;;;;;;;;;;;;;
;;;;;;;;;;;;;;;;;;;;;;;;;;;;;;;;;;;;;;;;;;;;;;;;;;
;;;;;;;;;;;;;;;;;;;;;;;;;;;;;;;;;;;;;;;;;;;;;;;;;;
;;;;;;;;;;;;;;;;;;;;;;;;;;;;;;;;;;;;;;;;;;;;;;;;;;
;;;;;;;;;;;;;;;;;;;;;;;;;;;;;;;;;;;;;;;;;;;;;;;;;;
;;;;;;;;;;;;;;;;;;;;;;;;;;;;;;;;;;;;;;;;;;;;;;;;;;
;;;;;;;;;;;;;;;;;;;;;;;;;;;;;;;;;;;;;;;;;;;;;;;;;;
;;;;;;;;;;;;;;;;;;;;;;;;;;;;;;;;;;;;;;;;;;;;;;;;;;
