TURMA;Nº;NOME DO(A) ALUNO(A);INGLÊS;IB BUS / IB GP;IB CHE / IB BIO;IB MUS / IB SPA;MATRIC;E-MAIL;;DATA;OCORRÊNCIA;TURMA;Nº;NOME DO(A) ALUNO(A);INGLÊS;IB ECO / IB GP;IB CHE / IB BIO;IB MUS / IB SPA;MATRIC;E-MAIL
EM 1A;1;ANITA DREYFUSS HURTADO;amarelo 1;-;-;-;20138001;a20138001@lourencocastanho.com.br;;23/fev;1B para 1A;;;HELOISA TOLDI FERREIRA;roxo;-;-;-;20250974;a20250974@lourencocastanho.com.br
EM 1A;2;ARTHUR CARNEIRO LEÃO TEIXEIRA;roxo;-;-;-;20230250;a20230250@lourencocastanho.com.br;;23/fev;1B para 1A;;;PEDRO AZEVEDO FARIA;branco;-;-;-;20251386;a20251386@lourencocastanho.com.br
EM 1A;3;ARTHUR LUCAS OLIVEIRA DO NASCIMENTO;branco;-;-;-;20251404;a20251404@lourencocastanho.com.br;;24/fev;;EM 1A;;RAFAELLA PEREIRA GALVÃO;?;-;-;-;20251383;a20251383@lourencocastanho.com.br
EM 1A;4;AUGUSTA ZART JACINTHO;?;-;-;-;20251158;a20251158@lourencocastanho.com.br;;26/fev;Entrada;EM 1A;;JOÃO AUGUSTO HADDAD REZENDE;?;-;-;-;20261505;a20261505@lourencocastanho.com.br
EM 1A;5;CATARINA BITTENCOURT DE PAULA RAMOS;branco;-;-;-;20179008;a20179008@lourencocastanho.com.br;;02/mar;1B para 1C;;;VICTOR SOUSA DE SANTANA;amarelo 1;-;-;-;20251399;a20251399@lourencocastanho.com.br
EM 1A;6;ELLA FELIPA TAVARES ASSUNÇÃO;branco;-;-;-;20210027;a20210027@lourencocastanho.com.br;;13/mar;Entrada;EM 1B;;SARAH HARFUCH BERTIN;?;-;-;-;20261548;a20261548@lourencocastanho.com.br
EM 1A;7;ELLA KOZMA AUTRAN DE FIGUEIREDO;roxo;-;-;-;20230138;a20230138@lourencocastanho.com.br;;16/mar;Entrada;EM 1C;;LUCA PIZANI NICIOLI;?;-;-;-;20261546;a20261546@lourencocastanho.com.br
EM 1A;8;FERNANDA LOPES DE CAMPOS SALLES;amarelo 2;-;-;-;20230030;a20230030@lourencocastanho.com.br;;18/mar;Saída;EM 1C;;LUCA PIZANI NICIOLI;?;-;-;-;20261546;a20261546@lourencocastanho.com.br
EM 1A;9;FERNANDA VILLELA DE VIVO;roxo;-;-;-;20137986;a20137986@lourencocastanho.com.br;;25/mar;Saída;EM 1A;31;JOÃO AUGUSTO HADDAD REZENDE;?;-;-;-;20261505;a20261505@lourencocastanho.com.br
EM 1A;10;GIULIA DONNANGELO BOZOLA;roxo;-;-;-;20229934;a20229934@lourencocastanho.com.br;;27/mar;Saída;EM 1A;32;RAFAELLA PEREIRA GALVÃO;?;-;-;-;20251383;a20251383@lourencocastanho.com.br
EM 1A;11;GUILHERMINA TAVARES ABDALLA;branco;-;-;-;20230077;a20230077@lourencocastanho.com.br;;;;;;;;;;;;
EM 1A;12;ISABEL BELTRÃO LEMOS RAMIREZ;amarelo 1;-;-;-;20148500;a20148500@lourencocastanho.com.br;;;;;;;;;;;;
EM 1A;13;JOÃO JACINTHO;amarelo 2;-;-;-;20250992;a20250992@lourencocastanho.com.br;;;;;;;;;;;;
EM 1A;14;JOAQUIM FRANCISCO RODRIGUES CARDOSO ALVES;branco;-;-;-;20210384;a20210384@lourencocastanho.com.br;;;;;;;;;;;;
EM 1A;15;LORENA MURRER BARONE;amarelo 2;-;-;-;20148473;a20148473@lourencocastanho.com.br;;;;;;;;;;;;
EM 1A;16;LUIZ GUILHERME DAUD MALOUF;roxo;-;-;-;20138031;a20138031@lourencocastanho.com.br;;;;;;;;;;;;
EM 1A;17;MASSIMO REATO CORONA NASSER;branco;-;-;-;20251220;a20251220@lourencocastanho.com.br;;;;;;;;;;;;
EM 1A;18;MELISSA MENDES DOS SANTOS;branco;-;-;-;20251403;a20251403@lourencocastanho.com.br;;;;;;;;;;;;
EM 1A;19;NICOLAS ARANHA SILVA;branco;-;-;-;20138197;a20138197@lourencocastanho.com.br;;;;;;;;;;;;
EM 1A;20;NICOLAS MATEUS ALVES DOS SANTOS;branco;-;-;-;20251401;a20251401@lourencocastanho.com.br;;;;;;;;;;;;
EM 1A;21;RAFAEL ANTONIO ASDURIAN MAALOULI;amarelo 2;-;-;-;20240459;a20240459@lourencocastanho.com.br;;;;;;;;;;;;
EM 1A;22;RAFAEL BILLI CAIS;amarelo 1;-;-;-;20251178;a20251178@lourencocastanho.com.br;;;;;;;;;;;;
EM 1A;23;RAFAELA LEVY FOÁ;amarelo 1;-;-;-;20138180;a20138180@lourencocastanho.com.br;;;;;;;;;;;;
EM 1A;24;RYARA KLARA DOS SANTOS MARQUES;branco;-;-;-;20251423;a20251423@lourencocastanho.com.br;;;;;;;;;;;;
EM 1A;25;SAMUEL PINHEIRO GUIMARÃES YONEDA;branco;-;-;-;20230154;a20230154@lourencocastanho.com.br;;;;;;;;;;;;
EM 1A;26;SOPHIA MARANHÃO BARBOSA;amarelo 1;-;-;-;20251396;a20251396@lourencocastanho.com.br;;;;;;;;;;;;
EM 1A;27;VALENTINA NUNES SPÍNDOLA;amarelo 1;-;-;-;20230263;a20230263@lourencocastanho.com.br;;;;;;;;;;;;
EM 1A;28;VITO ARDITO LERARIO NETO;amarelo 1;-;-;-;20168926;a20168926@lourencocastanho.com.br;;;;;;;;;;;;
EM 1A;29;HELOISA TOLDI FERREIRA;roxo;-;-;-;20250974;a20250974@lourencocastanho.com.br;;;;;;;;;;;;
EM 1A;30;PEDRO AZEVEDO FARIA;branco;-;-;-;20251386;a20251386@lourencocastanho.com.br;;;;;;;;;;;;
EM 1B;1;ALICE KOHL SCHLOCHAUER;roxo;-;-;-;20138117;a20138117@lourencocastanho.com.br;;;;;;;;;;;;
EM 1B;2;ANTONIO CAPOTE VALENTE PROFILI;amarelo 1;-;-;-;20138053;a20138053@lourencocastanho.com.br;;;;;;;;;;;;
EM 1B;3;EDUARDA PINHEIRO LOPES;branco;-;-;-;20250651;a20250651@lourencocastanho.com.br;;;;;;;;;;;;
EM 1B;4;EMILY INHUMA MACEDO;branco;-;-;-;20251405;a20251405@lourencocastanho.com.br;;;;;;;;;;;;
EM 1B;5;ENZO KARAM;amarelo 1;-;-;-;20137972;a20137972@lourencocastanho.com.br;;;;;;;;;;;;
EM 1B;6;FELIPE ALVES SACIC;amarelo 1;-;-;-;20250582;a20250582@lourencocastanho.com.br;;;;;;;;;;;;
EM 1B;7;GABRIEL HOLLO FEDLALLAH;amarelo 1;-;-;-;20127708;a20127708@lourencocastanho.com.br;;;;;;;;;;;;
EM 1B;8;GABRIEL LIMA QUEIROZ;roxo;-;-;-;20251084;a20251084@lourencocastanho.com.br;;;;;;;;;;;;
EM 1B;9;GABRIEL PINTO LEMES;amarelo 2;-;-;-;20250622;a20250622@lourencocastanho.com.br;;;;;;;;;;;;
EM 1B;10;GABRIELA RAMOS ESTEFAN;branco;-;-;-;20148276;a20148276@lourencocastanho.com.br;;;;;;;;;;;;
EM 1B;11;GABRIELA SENA MACHADO;amarelo 1;-;-;-;20239786;a20239786@lourencocastanho.com.br;;;;;;;;;;;;
EM 1B;12;GIOVANNA LEITE GOMES;branco;-;-;-;20251402;a20251402@lourencocastanho.com.br;;;;;;;;;;;;
EM 1B;13;HELENA COUTO FAGUNDES;amarelo 2;-;-;-;20239935;a20239935@lourencocastanho.com.br;;;;;;;;;;;;
EM 1B;15;LAURA BASILE GRAICHE;amarelo 2;-;-;-;20138008;a20138008@lourencocastanho.com.br;;;;;;;;;;;;
EM 1B;16;LUIS HENRIQUE SAAD DE MELLO BRANT CARVALHO;branco;-;-;-;20138007;a20138007@lourencocastanho.com.br;;;;;;;;;;;;
EM 1B;17;LUISA ADJIMAN QUEIROZ FERREIRA;roxo;-;-;-;20251266;a20251266@lourencocastanho.com.br;;;;;;;;;;;;
EM 1B;18;LUISA DREBTCHINSKY MADUREIRA;roxo;-;-;-;20239953;a20239953@lourencocastanho.com.br;;;;;;;;;;;;
EM 1B;19;NINA FIGUEROA ZILIOTTO;branco;-;-;-;20199520;a20199520@lourencocastanho.com.br;;;;;;;;;;;;
EM 1B;21;PIETRA AZEVEDO JAFET;amarelo 1;-;-;-;20219783;a20219783@lourencocastanho.com.br;;;;;;;;;;;;
EM 1B;22;RICARDO IZAR LOMBARDI;branco;-;-;-;20251381;a20251381@lourencocastanho.com.br;;;;;;;;;;;;
EM 1B;23;ROBERTO AZEVEDO MARINHO;amarelo 1;-;-;-;20230295;a20230295@lourencocastanho.com.br;;;;;;;;;;;;
EM 1B;24;SEBASTIEN AGUIAR LEVET;branco;-;-;-;20179141;a20179141@lourencocastanho.com.br;;;;;;;;;;;;
EM 1B;26;VITORIA ROSS PIRES FERRAZ;amarelo 1;-;-;-;20138209;a20138209@lourencocastanho.com.br;;;;;;;;;;;;
EM 1B;;SARAH HARFUCH BERTIN;?;-;-;-;20261548;a20261548@lourencocastanho.com.br;;;;;;;;;;;;
EM 1C;1;ANDRÉ LUIZ SILVA SANTOS;branco;-;-;-;20251424;a20251424@lourencocastanho.com.br;;;;;;;;;;;;
EM 1C;2;ANNE MOZZI MIYAKE;branco;-;-;-;20189230;a20189230@lourencocastanho.com.br;;;;;;;;;;;;
EM 1C;3;BRUNO BERTI MESSIAS;branco;-;-;-;20251323;a20251323@lourencocastanho.com.br;;;;;;;;;;;;
EM 1C;4;CAROLINA GAIVOTO GONÇALVES;amarelo 1;-;-;-;20240365;a20240365@lourencocastanho.com.br;;;;;;;;;;;;
EM 1C;5;FELIPE MAKSOUD ROSENTHAL;branco;-;-;-;20240418;a20240418@lourencocastanho.com.br;;;;;;;;;;;;
EM 1C;6;FELIPE OLIVEIRA AJAJ;branco;-;-;-;20137985;a20137985@lourencocastanho.com.br;;;;;;;;;;;;
EM 1C;7;FELIPE PIRES DE CAMPOS DE OLIVEIRA LIMA;branco;-;-;-;20179035;a20179035@lourencocastanho.com.br;;;;;;;;;;;;
EM 1C;8;GIULIA VIEIRA HABIB;amarelo 2;-;-;-;20138178;a20138178@lourencocastanho.com.br;;;;;;;;;;;;
EM 1C;9;GUSTAVO BUARRAJ EL KHOURI;amarelo 1;-;-;-;20239694;a20239694@lourencocastanho.com.br;;;;;;;;;;;;
EM 1C;10;ISABELLA MILANO MENDES PEREIRA;amarelo 1;-;-;-;20137974;a20137974@lourencocastanho.com.br;;;;;;;;;;;;
EM 1C;11;ISADORA LI TCHUN CHEN;amarelo 2;-;-;-;20251350;a20251350@lourencocastanho.com.br;;;;;;;;;;;;
EM 1C;12;JOANA GARCIA MIRANDA;amarelo 1;-;-;-;20219856;a20219856@lourencocastanho.com.br;;;;;;;;;;;;
EM 1C;13;JULIA CAVALCANTE TAKAHASHI;amarelo 2;-;-;-;20179016;a20179016@lourencocastanho.com.br;;;;;;;;;;;;
EM 1C;14;KAUAN BORGES MATOS;branco;-;-;-;20251400;a20251400@lourencocastanho.com.br;;;;;;;;;;;;
EM 1C;15;LORENA KEIMICH CAROTTA;roxo;-;-;-;20199567;a20199567@lourencocastanho.com.br;;;;;;;;;;;;
EM 1C;16;LUISA PUGA CANO RIBEIRO DA SILVA;amarelo 2;-;-;-;20251430;a20251430@lourencocastanho.com.br;;;;;;;;;;;;
EM 1C;17;MANUELLA BENEDUZZI CORSI NEGRINI;branco;-;-;-;20168872;a20168872@lourencocastanho.com.br;;;;;;;;;;;;
EM 1C;18;MARIA AUGUSTA MENDES AIRES;amarelo 1;-;-;-;20179010;a20179010@lourencocastanho.com.br;;;;;;;;;;;;
EM 1C;19;MARIA EDUARDA DE ALMEIDA CAMARGO WERNECK;roxo;-;-;-;20251049;a20251049@lourencocastanho.com.br;;;;;;;;;;;;
EM 1C;20;MARIA EDUARDA SCHMIDT BOTELHO MARTINS;amarelo 2;-;-;-;20137999;a20137999@lourencocastanho.com.br;;;;;;;;;;;;
EM 1C;21;MARINA SOUZA OLIVEIRA;roxo;-;-;-;20230202;a20230202@lourencocastanho.com.br;;;;;;;;;;;;
EM 1C;22;OLIVIA KOELLE YUNES;branco;-;-;-;20210015;a20210015@lourencocastanho.com.br;;;;;;;;;;;;
EM 1C;23;RAFAEL RAMOS ESTEFAN;branco;-;-;-;20148277;a20148277@lourencocastanho.com.br;;;;;;;;;;;;
EM 1C;24;VICTORIA MENDES TRINAS;roxo;-;-;-;20179013;a20179013@lourencocastanho.com.br;;;;;;;;;;;;
EM 1C;25;VICTOR SOUSA DE SANTANA;amarelo 1;-;-;-;20251399;a20251399@lourencocastanho.com.br;;;;;;;;;;;;
IB 1D;1;ALICE FUSER GHITNIC;-;IB GP;IB CHE;IB SPA;20179004;a20179004@lourencocastanho.com.br;;;;;;;;;;;;
IB 1D;2;ANA JULIA JAKOB SANTOS;-;IB GP;IB BIO;IB SPA;20250919;a20250919@lourencocastanho.com.br;;;;;;;;;;;;
IB 1D;3;BEATRIZ RATTO RESENDE PAVANI;-;IB BUS;IB BIO;IB SPA;20230114;a20230114@lourencocastanho.com.br;;;;;;;;;;;;
IB 1D;4;CATHARINA CINTRA GOMES;-;IB GP;IB BIO;IB SPA;20230120;a20230120@lourencocastanho.com.br;;;;;;;;;;;;
IB 1D;5;FELIPE MONTEIRO TEIXEIRA DE BARROS;-;IB GP;IB CHE;IB SPA;20230298;a20230298@lourencocastanho.com.br;;;;;;;;;;;;
IB 1D;6;FELIPE PASTORE PEBÉ;-;IB BUS;IB BIO;IB SPA;20251254;a20251254@lourencocastanho.com.br;;;;;;;;;;;;
IB 1D;7;GABRIELA DORF;-;IB BUS;IB BIO;IB SPA;20250833;a20250833@lourencocastanho.com.br;;;;;;;;;;;;
IB 1D;8;GIOVANNA CHIURCO DEFENDI;-;IB BUS;IB BIO;IB SPA;20251344;a20251344@lourencocastanho.com.br;;;;;;;;;;;;
IB 1D;9;HELENA MEZAWAK RIBEIRO DA SILVA;-;IB GP;IB BIO;IB MUS;20240488;a20240488@lourencocastanho.com.br;;;;;;;;;;;;
IB 1D;10;HELENA PEREZ DE SALLES;-;IB GP;IB CHE;IB MUS;20199481;a20199481@lourencocastanho.com.br;;;;;;;;;;;;
IB 1D;11;HENRIQUE OLIVA BATTIFERRO;-;IB GP;IB CHE;IB MUS;20158667;a20158667@lourencocastanho.com.br;;;;;;;;;;;;
IB 1D;12;LEONARDO FASANELLA DE OLIVEIRA;-;IB BUS;IB BIO;IB SPA;20230255;a20230255@lourencocastanho.com.br;;;;;;;;;;;;
IB 1D;13;LUCAS MINGUINI FIGUEIREDO;-;IB BUS;IB BIO;IB SPA;20239938;a20239938@lourencocastanho.com.br;;;;;;;;;;;;
IB 1D;14;LUISA DE BARROS GONSALEZ;-;IB BUS;IB BIO;IB SPA;20240328;a20240328@lourencocastanho.com.br;;;;;;;;;;;;
IB 1D;15;LUÍSA DE CARVALHO;-;IB GP;IB BIO;IB SPA;20251435;a20251435@lourencocastanho.com.br;;;;;;;;;;;;
IB 1D;16;MARIA EDUARDA ALVES MARTINEZ;-;IB GP;IB BIO;IB SPA;20250706;a20250706@lourencocastanho.com.br;;;;;;;;;;;;
IB 1D;17;MARIANA BARROS MURATA;-;IB BUS;IB BIO;IB SPA;20138199;a20138199@lourencocastanho.com.br;;;;;;;;;;;;
IB 1D;18;RAFAELA JEHA TALEB VALENTIM;-;IB GP;IB BIO;IB SPA;20251088;a20251088@lourencocastanho.com.br;;;;;;;;;;;;
IB 1D;19;SOPHIA BACARIM BARBUTI;-;IB GP;IB BIO;IB SPA;20239914;a20239914@lourencocastanho.com.br;;;;;;;;;;;;
IB 1E;1;ALICE BOMENY MONTAL;-;IB BUS;IB BIO;IB SPA;20239794;a20239794@lourencocastanho.com.br;;;;;;;;;;;;
IB 1E;2;ARTHUR MALUF MONTORO;-;IB BUS;IB BIO;IB SPA;20251317;a20251317@lourencocastanho.com.br;;;;;;;;;;;;
IB 1E;3;BEATRIZ CAPOBIANCO QUEIMA;-;IB GP;IB BIO;IB SPA;20250839;a20250839@lourencocastanho.com.br;;;;;;;;;;;;
IB 1E;4;ENRICO TEODORO FRAYHA;-;IB BUS;IB BIO;IB SPA;20209711;a20209711@lourencocastanho.com.br;;;;;;;;;;;;
IB 1E;5;ENZO TOMIKAWA ABE;-;IB GP;IB CHE;IB MUS;20251247;a20251247@lourencocastanho.com.br;;;;;;;;;;;;
IB 1E;6;FRANCESCA PARDINI LUCAS DE LIMA;-;IB GP;IB BIO;IB SPA;20250888;a20250888@lourencocastanho.com.br;;;;;;;;;;;;
IB 1E;7;GABRIELA PASSEROTTI DE MORAIS;-;IB BUS;IB BIO;IB MUS;20251138;a20251138@lourencocastanho.com.br;;;;;;;;;;;;
IB 1E;8;GIOVANNA BARI ALDRIGHI MOREIRA PIRES;-;IB BUS;IB BIO;IB MUS;20251139;a20251139@lourencocastanho.com.br;;;;;;;;;;;;
IB 1E;9;HELENA SCURACCHIO NOVIS;-;IB GP;IB BIO;IB SPA;20251001;a20251001@lourencocastanho.com.br;;;;;;;;;;;;
IB 1E;10;JOÃO FELIPE SILVA FERNANDES;-;IB BUS;IB BIO;IB MUS;20210511;a20210511@lourencocastanho.com.br;;;;;;;;;;;;
IB 1E;11;JOÃO PEDRO SOUZA NAVES DEQUECH;-;IB BUS;IB CHE;IB SPA;20138057;a20138057@lourencocastanho.com.br;;;;;;;;;;;;
IB 1E;12;LARA PASTORELLO ELKIS;-;IB GP;IB CHE;IB SPA;20148467;a20148467@lourencocastanho.com.br;;;;;;;;;;;;
IB 1E;13;LORENA LAROCCA MALX;-;IB GP;IB CHE;IB SPA;20230048;a20230048@lourencocastanho.com.br;;;;;;;;;;;;
IB 1E;14;LUCCA ZANCHET KALIL JORGE;-;IB GP;IB BIO;IB SPA;20137975;a20137975@lourencocastanho.com.br;;;;;;;;;;;;
IB 1E;15;MANUELA GRUBE BASILE;-;IB GP;IB CHE;IB SPA;20239913;a20239913@lourencocastanho.com.br;;;;;;;;;;;;
IB 1E;16;MARIA AUGUSTA ZARIF;-;IB GP;IB BIO;IB SPA;20138060;a20138060@lourencocastanho.com.br;;;;;;;;;;;;
IB 1E;17;MARIA ISABEL AMORIM QUEEN;-;;;;20189219;a20189219@lourencocastanho.com.br;;;;;;;;;;;;
IB 1E;18;MELISSA GRUNSPAN ZANETTI;-;IB BUS;IB BIO;IB SPA;20251163;a20251163@lourencocastanho.com.br;;;;;;;;;;;;
IB 1E;19;MIGUEL MADUENO CAMARGO;-;IB BUS;IB BIO;IB MUS;20219967;a20219967@lourencocastanho.com.br;;;;;;;;;;;;
IB 1E;20;NINA HASHIMOTO AGRA CUNHA;-;IB GP;IB CHE;IB MUS;20250977;a20250977@lourencocastanho.com.br;;;;;;;;;;;;
IB 1E;21;PIETRA BADRA CESAR;-;IB GP;IB CHE;IB SPA;20137993;a20137993@lourencocastanho.com.br;;;;;;;;;;;;
;;;;;;;;;;;;;;;;;;;;
;;;;;;;;;;;;;;;;;;;;
;;;;;;;;;;;;;;;;;;;;
;;;;;;;;;;;;;;;;;;;;
;;;;;;;;;;;;;;;;;;;;
;;;;;;;;;;;;;;;;;;;;
;;;;;;;;;;;;;;;;;;;;
;;;;;;;;;;;;;;;;;;;;
;;;;;;;;;;;;;;;;;;;;
;;;;;;;;;;;;;;;;;;;;
;;;;;;;;;;;;;;;;;;;;
;;;;;;;;;;;;;;;;;;;;
;;;;;;;;;;;;;;;;;;;;
;;;;;;;;;;;;;;;;;;;;
;;;;;;;;;;;;;;;;;;;;
;;;;;;;;;;;;;;;;;;;;
;;;;;;;;;;;;;;;;;;;;
;;;;;;;;;;;;;;;;;;;;
;;;;;;;;;;;;;;;;;;;;
;;;;;;;;;;;;;;;;;;;;
;;;;;;;;;;;;;;;;;;;;
;;;;;;;;;;;;;;;;;;;;
;;;;;;;;;;;;;;;;;;;;
;;;;;;;;;;;;;;;;;;;;
;;;;;;;;;;;;;;;;;;;;
;;;;;;;;;;;;;;;;;;;;
;;;;;;;;;;;;;;;;;;;;
;;;;;;;;;;;;;;;;;;;;
;;;;;;;;;;;;;;;;;;;;
;;;;;;;;;;;;;;;;;;;;
;;;;;;;;;;;;;;;;;;;;
;;;;;;;;;;;;;;;;;;;;
;;;;;;;;;;;;;;;;;;;;
;;;;;;;;;;;;;;;;;;;;
